Trace ID,Amplitude Range,Start time,End time,Similarity,Network,Station,Mode,Component,Azimuth,Incidence,Ellipticity
XA_S14_00_MHZ,420.0,1971-02-06 19:33:44.905660,1971-02-06 19:34:15.094339,0.93,XA,14,peaked mode,MHZ,2.193273948331568,24.9247707784836,0.5480529305985536
XA_S14_00_MHZ,15.0,1971-02-07 13:31:02.339623,1971-02-07 13:31:32.528302,0.94,XA,14,peaked mode,MHZ,31.77221916569666,66.21824868541763,0.3821891670064019
XA_S14_00_MHZ,15.0,1971-02-07 17:25:03.698113,1971-02-07 17:25:23.773585,0.94,XA,14,peaked mode,MHZ,44.816964757806666,54.80144752554951,0.23312099908262654
XA_S14_00_MHZ,15.0,1971-02-07 21:42:44.679245,1971-02-07 21:43:14.867924,0.94,XA,14,peaked mode,MHZ,50.012073206146574,64.46054066923232,0.3647444173570317
XA_S14_00_MHZ,15.0,1971-02-07 21:45:47.169811,1971-02-07 21:46:07.396226,0.93,XA,14,peaked mode,MHZ,46.831657338704915,57.674490932394406,0.22148243025645356
XA_S14_00_MHZ,15.0,1971-02-07 21:48:34.566038,1971-02-07 21:49:04.754717,0.93,XA,14,peaked mode,MHZ,45.65006786560798,45.63597663251245,0.45295875026081955
XA_S14_00_MHZ,337.0,1971-02-07 21:48:59.320755,1971-02-07 21:49:29.509434,0.91,XA,14,peaked mode,MHZ,77.15949711642132,0.9286794904621023,0.03736146422162418
XA_S14_00_MHZ,15.0,1971-02-07 21:50:49.660377,1971-02-07 21:51:19.849056,0.94,XA,14,peaked mode,MHZ,46.06054028391676,57.62553757697017,0.2024531460011003
XA_S14_00_MHZ,15.0,1971-02-09 08:04:45.584906,1971-02-09 08:05:15.773585,0.94,XA,14,peaked mode,MHZ,50.13664067096165,59.94808209897334,0.19946727613669493
XA_S14_00_MHZ,63.0,1971-02-09 20:52:39.547170,1971-02-09 20:53:09.735849,0.94,XA,14,peaked mode,MHZ,51.86730924112199,4.757460686145525,0.22970688363027453
XA_S14_00_MHZ,10.0,1971-02-09 22:00:22.641509,1971-02-09 22:00:52.830188,0.94,XA,14,peaked mode,MHZ,47.38175715394186,20.778747113336642,0.34761496144851184
XA_S14_00_MHZ,9.0,1971-02-09 22:06:23.698113,1971-02-09 22:06:53.886792,0.9,XA,14,peaked mode,MHZ,53.530194944677326,58.99372946751247,0.5221247921220352
XA_S14_00_MHZ,12.0,1971-02-09 22:48:43.622642,1971-02-09 22:49:13.811321,0.94,XA,14,peaked mode,MHZ,66.8668557533085,79.820472868999,0.4000077890423617
XA_S14_00_MHZ,32.0,1971-02-10 02:41:43.094340,1971-02-10 02:42:13.283019,0.94,XA,14,peaked mode,MHZ,102.15792590456509,13.241735297072735,0.21324832206538682
XA_S14_00_MHZ,50.0,1971-02-10 06:39:00.679245,1971-02-10 06:39:30.867924,0.93,XA,14,peaked mode,MHZ,66.65932062263764,76.26827058162228,0.40159556059954277
XA_S14_00_MHZ,29.0,1971-02-10 06:48:08.603774,1971-02-10 06:48:38.792453,0.92,XA,14,peaked mode,MHZ,77.83620764920101,82.00405717185956,0.3207812599639647
XA_S14_00_MHZ,25.0,1971-02-10 07:20:27.018868,1971-02-10 07:20:57.207547,0.94,XA,14,peaked mode,MHZ,72.80787325518433,62.80613400850826,0.6708708378246238
XA_S14_00_MHZ,37.0,1971-02-10 07:39:24.075472,1971-02-10 07:39:54.264151,0.95,XA,14,peaked mode,MHZ,5.869449993655806,30.00989541312659,0.5640178802310747
XA_S14_00_MHZ,44.0,1971-02-10 08:07:43.849057,1971-02-10 08:08:14.037736,0.95,XA,14,peaked mode,MHZ,10.937174990229094,9.71987988324875,0.17474364239668308
XA_S14_00_MHZ,7.0,1971-02-10 08:11:29.811321,1971-02-10 08:12:00.000000,0.91,XA,14,peaked mode,MHZ,24.222755909182357,56.76291671863393,0.659244240789333
XA_S14_00_MHZ,41.0,1971-02-10 16:28:19.018868,1971-02-10 16:28:49.207547,0.9,XA,14,peaked mode,MHZ,16.749417906764094,83.35726577007267,0.15611730649407876
XA_S14_00_MHZ,13.0,1971-02-10 18:26:22.490566,1971-02-10 18:26:52.679245,0.93,XA,14,peaked mode,MHZ,47.008380779008704,59.93487790217349,0.1666154807237654
XA_S14_00_MHZ,22.0,1971-02-10 20:14:41.207547,1971-02-10 20:15:11.396226,0.94,XA,14,peaked mode,MHZ,67.83919072423065,16.192728190571422,0.4519025297019536
XA_S14_00_MHZ,8.0,1971-02-10 21:33:17.433962,1971-02-10 21:33:47.622641,0.92,XA,14,peaked mode,MHZ,58.20094413890112,20.687343841019082,0.37525436367679765
XA_S14_00_MHZ,15.0,1971-02-10 21:41:05.207547,1971-02-10 21:41:35.396226,0.93,XA,14,peaked mode,MHZ,33.75400007548403,13.369123709658247,0.36632480270638956
XA_S14_00_MHZ,12.0,1971-02-11 00:30:55.094340,1971-02-11 00:31:25.283019,0.92,XA,14,peaked mode,MHZ,68.49019844411634,15.726522220834635,0.2699695754173806
XA_S14_00_MHZ,28.0,1971-02-11 01:03:39.169811,1971-02-11 01:04:09.358490,0.92,XA,14,peaked mode,MHZ,62.52338878107102,81.05162319204109,0.16738386813979111
XA_S14_00_MHZ,14.0,1971-02-11 02:21:23.773585,1971-02-11 02:21:53.962264,0.9,XA,14,peaked mode,MHZ,50.425421212203965,68.30119662153024,0.3177766907239166
XA_S14_00_MHZ,10.0,1971-02-11 03:24:58.113208,1971-02-11 03:25:28.301887,0.9,XA,14,peaked mode,MHZ,61.22496199384022,79.4007901760185,0.35010105593213453
XA_S14_00_MHZ,11.0,1971-02-11 04:19:48.075472,1971-02-11 04:20:18.264151,0.91,XA,14,peaked mode,MHZ,53.07719601049005,54.644652857517315,0.6354937083802535
XA_S14_00_MHZ,12.0,1971-02-11 05:06:12.679245,1971-02-11 05:06:42.867924,0.92,XA,14,peaked mode,MHZ,47.065224330664506,20.798288518610345,0.3829937913879618
XA_S14_00_MHZ,13.0,1971-02-11 05:43:59.547170,1971-02-11 05:44:29.735849,0.92,XA,14,peaked mode,MHZ,45.5028948836783,61.07302473286785,0.2494253097801155
XA_S14_00_MHZ,6.0,1971-02-11 07:35:58.339623,1971-02-11 07:36:28.528302,0.9,XA,14,peaked mode,MHZ,37.79450180326323,46.99024910705722,0.7617599635809303
XA_S14_00_MHZ,13.0,1971-02-12 01:30:08.754717,1971-02-12 01:30:38.943396,0.92,XA,14,peaked mode,MHZ,44.87594067540237,58.60620699416481,0.17187928039819533
XA_S14_00_MHZ,13.0,1971-02-12 06:35:59.698113,1971-02-12 06:36:29.886792,0.92,XA,14,peaked mode,MHZ,46.2647704026272,60.57925750322393,0.17850818394837237
XA_S14_00_MHZ,33.0,1971-02-12 14:39:09.433962,1971-02-12 14:39:39.622641,0.95,XA,14,peaked mode,MHZ,56.56166842966256,8.497792790146043,0.1878020666135772
XA_S14_00_MHZ,15.0,1971-02-12 15:36:30.188679,1971-02-12 15:37:00.377358,0.94,XA,14,peaked mode,MHZ,58.88345161269098,12.550302438165884,0.23867501478845538
XA_S14_00_MHZ,57.0,1971-02-12 16:35:56.981132,1971-02-12 16:36:17.056604,0.95,XA,14,peaked mode,MHZ,57.941047736621314,11.394373600704808,0.2579610317323664
XA_S14_00_MHZ,13.0,1971-02-12 18:00:03.471698,1971-02-12 18:00:33.660377,0.93,XA,14,peaked mode,MHZ,73.78244306837185,9.37276285958123,0.17777033679766413
XA_S14_00_MHZ,64.0,1971-02-12 18:37:01.132075,1971-02-12 18:37:31.320754,0.94,XA,14,peaked mode,MHZ,38.55127967668584,2.140066442278553,0.04187053879488022
XA_S14_00_MHZ,25.0,1971-02-12 21:17:15.320755,1971-02-12 21:17:45.509434,0.94,XA,14,peaked mode,MHZ,89.10027541538857,15.418454493262526,0.5541370973574128
XA_S14_00_MHZ,32.0,1971-02-12 22:11:21.660377,1971-02-12 22:11:51.849056,0.93,XA,14,peaked mode,MHZ,58.23931175201803,9.550129581138991,0.38289541020588863
XA_S14_00_MHZ,17.0,1971-02-12 22:51:55.018868,1971-02-12 22:52:25.207547,0.94,XA,14,peaked mode,MHZ,37.532771910865186,10.201202691381182,0.2079678445743307
XA_S14_00_MHZ,14.0,1971-02-13 00:02:33.962264,1971-02-13 00:03:04.150943,0.94,XA,14,peaked mode,MHZ,45.315397597778,58.680685918118954,0.14105769524645403
XA_S14_00_MHZ,29.0,1971-02-13 00:15:07.773585,1971-02-13 00:15:37.962264,0.93,XA,14,peaked mode,MHZ,46.997963678450105,3.5951472799950226,0.07597232725941201
XA_S14_00_MHZ,26.0,1971-02-13 00:47:49.283019,1971-02-13 00:48:19.471698,0.94,XA,14,peaked mode,MHZ,53.606435875098676,5.926304032687827,0.15384431566267484
XA_S14_00_MHZ,16.0,1971-02-13 02:01:35.547170,1971-02-13 02:02:05.735849,0.94,XA,14,peaked mode,MHZ,42.00455905710443,8.319846404391246,0.1455421926914999
XA_S14_00_MHZ,18.0,1971-02-13 02:55:44.000000,1971-02-13 02:56:14.188679,0.92,XA,14,peaked mode,MHZ,0.4421963085870178,0.9059904387597896,0.058397638948404176
XA_S14_00_MHZ,38.0,1971-02-13 04:08:11.018868,1971-02-13 04:08:41.207547,0.93,XA,14,peaked mode,MHZ,12.881267920656715,3.3406105014933627,0.06934377634754836
XA_S14_00_MHZ,7.0,1971-02-13 04:09:13.660377,1971-02-13 04:09:43.849056,0.91,XA,14,peaked mode,MHZ,61.242227187858596,19.26532176977988,0.37940416573283026
XA_S14_00_MHZ,12.0,1971-02-13 05:54:54.037736,1971-02-13 05:55:24.226415,0.96,XA,14,peaked mode,MHZ,36.11485014219861,10.46668134055188,0.17688997491814226
XA_S14_00_MHZ,15.0,1971-02-13 06:24:34.867925,1971-02-13 06:25:05.056604,0.92,XA,14,peaked mode,MHZ,57.84830665726602,10.177246195662557,0.3830069409709596
XA_S14_00_MHZ,11.0,1971-02-13 06:33:51.698113,1971-02-13 06:34:21.886792,0.91,XA,14,peaked mode,MHZ,104.05417409924775,82.54812055647558,0.08409953409148445
XA_S14_00_MHZ,32.0,1971-02-13 07:31:22.415094,1971-02-13 07:31:52.603773,0.93,XA,14,peaked mode,MHZ,60.1152821498329,4.617118790310032,0.07933857142944764
XA_S14_00_MHZ,23.0,1971-02-13 09:15:13.509434,1971-02-13 09:15:43.698113,0.94,XA,14,peaked mode,MHZ,45.1663688748101,6.570924363164377,0.12570004131819876
XA_S14_00_MHZ,8.0,1971-02-13 09:29:23.622642,1971-02-13 09:29:53.811321,0.93,XA,14,peaked mode,MHZ,51.27583674943436,21.080228004301514,0.49911609050228817
XA_S14_00_MHZ,9.0,1971-02-13 12:31:51.849057,1971-02-13 12:32:22.037736,0.92,XA,14,peaked mode,MHZ,0.5715315811519142,11.352531564860112,0.15200121432349026
XA_S14_00_MHZ,7.0,1971-02-13 12:48:12.226415,1971-02-13 12:48:42.415094,0.91,XA,14,peaked mode,MHZ,68.95020354750011,18.37175793063004,0.3210462279144972
XA_S14_00_MHZ,9.0,1971-02-13 14:06:28.981132,1971-02-13 14:06:59.169811,0.93,XA,14,peaked mode,MHZ,42.662018327586345,20.925180682612783,0.4137866242989327
XA_S14_00_MHZ,22.0,1971-02-13 14:32:25.056604,1971-02-13 14:32:55.245283,0.93,XA,14,peaked mode,MHZ,18.906073977947226,6.119446573097868,0.11824333712686524
XA_S14_00_MHZ,13.0,1971-02-13 14:52:17.509434,1971-02-13 14:52:47.698113,0.93,XA,14,peaked mode,MHZ,39.56147233321769,9.979664380444621,0.2065116588173943
XA_S14_00_MHZ,22.0,1971-02-13 16:31:46.867925,1971-02-13 16:32:17.056604,0.95,XA,14,peaked mode,MHZ,31.029739420645548,13.819480379708711,0.3260604066181102
XA_S14_00_MHZ,27.0,1971-02-13 17:29:26.641509,1971-02-13 17:29:56.830188,0.95,XA,14,peaked mode,MHZ,97.58754403906391,65.88134356813515,0.3188383876783444
XA_S14_00_MHZ,9.0,1971-02-13 17:49:45.660377,1971-02-13 17:50:15.849056,0.91,XA,14,peaked mode,MHZ,24.68005718628817,13.791120349674866,0.30439321839144784
XA_S14_00_MHZ,14.0,1971-02-13 18:51:37.207547,1971-02-13 18:51:57.433962,0.91,XA,14,peaked mode,MHZ,99.9185447100772,80.07854939044802,0.10267135312178881
XA_S14_00_MHZ,4.0,1971-02-13 20:01:00.226415,1971-02-13 20:01:30.415094,0.9,XA,14,peaked mode,MHZ,97.87566572737052,28.506987382122087,0.4404650419452921
XA_S14_00_MHZ,19.0,1971-02-13 20:17:30.113208,1971-02-13 20:18:00.301887,0.92,XA,14,peaked mode,MHZ,87.21436708507464,77.58188098360935,0.3968309306362815
XA_S14_00_MHZ,13.0,1971-02-13 21:05:02.490566,1971-02-13 21:05:32.679245,0.92,XA,14,peaked mode,MHZ,46.50809422374767,60.19416167503044,0.15982127594805942
XA_S14_00_MHZ,37.0,1971-02-13 21:40:32.905660,1971-02-13 21:41:03.094339,0.95,XA,14,peaked mode,MHZ,11.925051064573392,17.183258384827575,0.49693922394317325
XA_S14_00_MHZ,7.0,1971-02-13 22:24:23.245283,1971-02-13 22:24:53.433962,0.92,XA,14,peaked mode,MHZ,66.68338405734549,41.931764553372986,0.8960684377354756
XA_S14_00_MHZ,21.0,1971-02-13 22:54:38.943396,1971-02-13 22:55:09.132075,0.92,XA,14,peaked mode,MHZ,120.47033198552067,71.47797931942814,0.38680733667853345
XA_S14_00_MHZ,23.0,1971-02-14 05:52:45.886792,1971-02-14 05:53:16.075471,0.95,XA,14,peaked mode,MHZ,28.603113783113958,5.359330020407221,0.09338762534350674
XA_S14_00_MHZ,29.0,1971-02-14 06:31:00.075472,1971-02-14 06:31:30.264151,0.95,XA,14,peaked mode,MHZ,61.49591067086452,14.24928078101893,0.2922792032570322
XA_S14_00_MHZ,71.0,1971-02-14 08:26:42.113208,1971-02-14 08:27:12.301887,0.95,XA,14,peaked mode,MHZ,53.42651633076397,0.4590567372401729,0.019459294464857908
XA_S14_00_MHZ,8.0,1971-02-14 09:38:04.226415,1971-02-14 09:38:34.415094,0.93,XA,14,peaked mode,MHZ,1.1499315244723254,14.585701251745057,0.27662422421384664
XA_S14_00_MHZ,13.0,1971-02-14 15:03:06.566038,1971-02-14 15:03:36.754717,0.92,XA,14,peaked mode,MHZ,47.734270695483026,59.73330636500083,0.15866628112081171
XA_S14_00_MHZ,13.0,1971-02-14 19:04:50.264151,1971-02-14 19:05:20.452830,0.91,XA,14,peaked mode,MHZ,46.36370288307384,60.46475871166628,0.18365867336267763
XA_S14_00_MHZ,134.0,1971-02-14 19:19:58.339623,1971-02-14 19:20:28.528302,0.94,XA,14,peaked mode,MHZ,31.40756844758948,1.023240814546562,0.019348908653965297
XA_S14_00_MHZ,13.0,1971-02-14 19:26:12.830189,1971-02-14 19:26:43.018868,0.92,XA,14,peaked mode,MHZ,47.27270527249318,59.184068837001576,0.17699116931029513
XA_S14_00_MHZ,9.0,1971-02-14 19:57:54.113208,1971-02-14 19:58:24.301887,0.92,XA,14,peaked mode,MHZ,37.15805072983632,34.27689474733256,0.5651582770031801
XA_S14_00_MHZ,50.0,1971-02-15 07:59:45.207547,1971-02-15 08:00:15.396226,0.94,XA,14,peaked mode,MHZ,72.44568455522663,2.7122843564028947,0.054439088306240876
XA_S14_00_MHZ,46.0,1971-02-15 12:56:33.207547,1971-02-15 12:57:03.396226,0.95,XA,14,peaked mode,MHZ,127.85597482117143,57.534482351062714,0.4214365447608686
XA_S14_00_MHZ,38.0,1971-02-15 15:57:43.849057,1971-02-15 15:58:14.037736,0.94,XA,14,peaked mode,MHZ,83.0054301042388,28.854527582507984,0.6844758795929899
XA_S14_00_MHZ,5.0,1971-02-15 17:13:04.301887,1971-02-15 17:13:34.490566,0.92,XA,14,peaked mode,MHZ,0.3755477373272768,20.746477435407865,0.39260798140694253
XA_S14_00_MHZ,13.0,1971-02-15 18:15:17.283019,1971-02-15 18:15:47.471698,0.93,XA,14,peaked mode,MHZ,44.15271953038075,60.78742407134898,0.1945641452999332
XA_S14_00_MHZ,22.0,1971-02-15 20:07:17.584906,1971-02-15 20:07:47.773585,0.93,XA,14,peaked mode,MHZ,105.34688958192336,20.84830011873489,0.4098345956181718
XA_S14_00_MHZ,115.0,1971-02-16 07:14:15.547170,1971-02-16 07:14:45.735849,0.93,XA,14,peaked mode,MHZ,43.39455941017541,1.306643483567479,0.025652302681276083
XA_S14_00_MHZ,93.0,1971-02-16 09:59:57.283019,1971-02-16 10:00:27.471698,0.94,XA,14,peaked mode,MHZ,93.3491968765717,1.603919902537855,0.027763509165134707
XA_S14_00_MHZ,13.0,1971-02-16 12:03:01.132075,1971-02-16 12:03:31.320754,0.91,XA,14,peaked mode,MHZ,46.539138828959295,61.60541715632581,0.18604157628014853
XA_S14_00_MHZ,17.0,1971-02-16 15:41:31.622642,1971-02-16 15:42:01.811321,0.96,XA,14,peaked mode,MHZ,74.48057350572631,16.324533178204092,0.3541918858579666
XA_S14_00_MHZ,8.0,1971-02-16 16:33:19.698113,1971-02-16 16:33:49.886792,0.92,XA,14,peaked mode,MHZ,81.07188137987782,37.777202857992364,0.6639903670133878
XA_S14_00_MHZ,7.0,1971-02-16 16:49:50.641509,1971-02-16 16:50:20.830188,0.91,XA,14,peaked mode,MHZ,22.69140402563603,75.84474958596851,0.37608440976763197
XA_S14_00_MHZ,13.0,1971-02-16 17:03:47.471698,1971-02-16 17:04:17.660377,0.94,XA,14,peaked mode,MHZ,47.340145932313554,61.58821224217462,0.1867766121369546
XA_S14_00_MHZ,10.0,1971-02-16 19:29:19.849057,1971-02-16 19:29:50.037736,0.92,XA,14,peaked mode,MHZ,174.4835845067985,79.96843781231881,0.13651571681146327
XA_S14_00_MHZ,24.0,1971-02-16 22:33:31.773585,1971-02-16 22:34:01.962264,0.94,XA,14,peaked mode,MHZ,49.227440371451635,76.16392384348387,0.3795970438384356
XA_S14_00_MHZ,57.0,1971-02-17 03:42:16.150943,1971-02-17 03:42:46.339622,0.91,XA,14,peaked mode,MHZ,0.2846385204135679,82.986299319816,0.40890859937567914
XA_S14_00_MHZ,13.0,1971-02-17 04:02:25.811321,1971-02-17 04:02:56.000000,0.92,XA,14,peaked mode,MHZ,48.1283379683483,61.56283244862544,0.2136955627370626
XA_S14_00_MHZ,14.0,1971-02-17 06:25:13.056604,1971-02-17 06:25:43.245283,0.94,XA,14,peaked mode,MHZ,94.51708225322542,84.17468155310675,0.29555694335383714
XA_S14_00_MHZ,37.0,1971-02-17 09:08:33.207547,1971-02-17 09:09:03.396226,0.93,XA,14,peaked mode,MHZ,83.06721012315016,20.180683537422276,0.4778389589081087
XA_S14_00_MHZ,13.0,1971-02-17 16:30:02.415094,1971-02-17 16:30:32.603773,0.92,XA,14,peaked mode,MHZ,73.2293157269778,80.19807350141281,0.35228881722154193
XA_S14_00_MHZ,93.0,1971-02-17 17:06:22.943396,1971-02-17 17:06:53.132075,0.94,XA,14,peaked mode,MHZ,67.19245952882493,2.8763664812999896,0.06576880967317232
XA_S14_00_MHZ,34.0,1971-02-17 19:21:52.000000,1971-02-17 19:22:22.188679,0.93,XA,14,peaked mode,MHZ,146.7987150589249,77.44139311142101,0.17718773016939826
XA_S14_00_MHZ,14.0,1971-02-18 16:47:22.566038,1971-02-18 16:47:52.754717,0.92,XA,14,peaked mode,MHZ,42.238114716658814,60.53346255159336,0.31267486827088936
XA_S14_00_MHZ,14.0,1971-02-18 16:52:27.471698,1971-02-18 16:52:57.660377,0.92,XA,14,peaked mode,MHZ,46.665954870995705,61.014368388633784,0.193050038506284
XA_S14_00_MHZ,24.0,1971-02-18 17:24:06.490566,1971-02-18 17:24:36.679245,0.95,XA,14,peaked mode,MHZ,131.7177668100889,85.98725973333723,0.2478799033966694
XA_S14_00_MHZ,23.0,1971-02-18 17:47:00.528302,1971-02-18 17:47:20.754717,0.92,XA,14,peaked mode,MHZ,6.20506211086621,86.1152949245921,0.0719914477201362
XA_S14_00_MHZ,14.0,1971-02-18 21:47:33.283019,1971-02-18 21:48:03.471698,0.94,XA,14,peaked mode,MHZ,99.85608977378838,39.94266243203773,0.6926309849803963
XA_S14_00_MHZ,40.0,1971-02-19 02:02:25.962264,1971-02-19 02:02:56.150943,0.9,XA,14,peaked mode,MHZ,57.291252717068616,78.9224969580165,0.23454736707063867
XA_S14_00_MHZ,17.0,1971-02-19 06:18:22.037736,1971-02-19 06:18:42.264151,0.93,XA,14,peaked mode,MHZ,2.465500037467999,80.21626545951193,0.37313920383004817
XA_S14_00_MHZ,8.0,1971-02-19 08:33:14.415094,1971-02-19 08:33:34.641509,0.92,XA,14,peaked mode,MHZ,80.90651856975474,79.71045262907201,0.35026576064663445
XA_S14_00_MHZ,39.0,1971-02-19 11:31:38.113208,1971-02-19 11:32:03.169812,0.91,XA,14,peaked mode,MHZ,89.81390289593465,57.553821448365305,0.5974173312959309
XA_S14_00_MHZ,13.0,1971-02-19 15:15:36.301887,1971-02-19 15:16:06.490566,0.91,XA,14,peaked mode,MHZ,46.76958097572345,60.99425369239311,0.19105260105691158
XA_S14_00_MHZ,12.0,1971-02-20 13:18:44.679245,1971-02-20 13:19:14.867924,0.9,XA,14,peaked mode,MHZ,45.689763714541115,61.97794501127577,0.22702617270699965
XA_S14_00_MHZ,122.0,1971-02-20 18:19:20.301887,1971-02-20 18:19:50.490566,0.95,XA,14,peaked mode,MHZ,75.4545712697377,1.223171803159043,0.02290658500399792
XA_S14_00_MHZ,14.0,1971-02-21 21:37:10.188679,1971-02-21 21:37:40.377358,0.94,XA,14,peaked mode,MHZ,45.945140121195095,60.82493726077262,0.19487301375194224
XA_S14_00_MHZ,96.0,1971-02-22 10:31:07.169811,1971-02-22 10:31:37.358490,0.95,XA,14,peaked mode,MHZ,89.3476850345732,1.2044860780937485,0.029188327914812517
XA_S14_00_MHZ,14.0,1971-02-22 19:15:41.132075,1971-02-22 19:16:11.320754,0.95,XA,14,peaked mode,MHZ,49.969050905077836,62.75890666111124,0.5435462187281124
XA_S14_00_MHZ,13.0,1971-02-23 09:17:00.075472,1971-02-23 09:17:30.264151,0.91,XA,14,peaked mode,MHZ,46.18096046295177,60.10684651738421,0.19207969291533902
XA_S14_00_MHZ,80.0,1971-02-23 10:53:58.641509,1971-02-23 10:54:28.830188,0.95,XA,14,peaked mode,MHZ,139.15486126481284,1.8086578885639488,0.032072178530444605
XA_S14_00_MHZ,24.0,1971-02-23 16:14:19.924528,1971-02-23 16:14:50.113207,0.94,XA,14,peaked mode,MHZ,88.75898171353465,4.9796295820449314,0.09289570686674233
XA_S14_00_MHZ,52.0,1971-02-24 20:30:39.094340,1971-02-24 20:31:09.283019,0.95,XA,14,peaked mode,MHZ,80.22707938962813,62.751123138598146,0.5667440979861577
XA_S14_00_MHZ,13.0,1971-02-25 13:19:01.132075,1971-02-25 13:19:31.320754,0.91,XA,14,peaked mode,MHZ,47.78110849306819,61.9321740068925,0.18896114411365333
XA_S14_00_MHZ,377.0,1971-02-26 20:26:27.169811,1971-02-26 20:26:57.358490,0.93,XA,14,peaked mode,MHZ,89.4652533587952,0.2660261752279269,0.005787024557883763
XA_S14_00_MHZ,153.0,1971-02-27 02:01:24.377358,1971-02-27 02:01:54.566037,0.94,XA,14,peaked mode,MHZ,88.75663960917981,0.7668185188663781,0.017024359782914132
XA_S14_00_MHZ,30.0,1971-02-27 03:09:35.849057,1971-02-27 03:10:06.037736,0.94,XA,14,peaked mode,MHZ,86.51791764011803,3.7312530945281197,0.08210989865207705
XA_S14_00_MHZ,12.0,1971-02-27 04:17:18.943396,1971-02-27 04:17:49.132075,0.91,XA,14,peaked mode,MHZ,47.071417161885726,60.42511634360395,0.20738965718269506
XA_S14_00_MHZ,34.0,1971-02-27 11:27:50.188679,1971-02-27 11:28:20.377358,0.93,XA,14,peaked mode,MHZ,102.71102539263254,3.7866471985165444,0.07197245874448951
XA_S14_00_MHZ,18.0,1971-02-27 16:33:27.698113,1971-02-27 16:33:57.886792,0.94,XA,14,peaked mode,MHZ,84.0265910363974,8.552443386212495,0.15501365050152865
XA_S14_00_MHZ,18.0,1971-02-27 22:49:59.094340,1971-02-27 22:50:29.283019,0.93,XA,14,peaked mode,MHZ,88.97361159611998,6.13311195883802,0.1254439154684375
XA_S14_00_MHZ,83.0,1971-02-28 03:17:45.056604,1971-02-28 03:18:15.245283,0.94,XA,14,peaked mode,MHZ,91.11444074092333,1.3356032229566448,0.030626400802185642
XA_S14_00_MHZ,55.0,1971-02-28 04:38:28.528302,1971-02-28 04:38:58.716981,0.94,XA,14,peaked mode,MHZ,91.34686213601857,1.8880457319960566,0.04327760074452684
XA_S14_00_MHZ,19.0,1971-02-28 09:10:52.075472,1971-02-28 09:11:22.264151,0.94,XA,14,peaked mode,MHZ,63.43852643594,5.626269606296382,0.1180390127738014
XA_S14_00_MHZ,24.0,1971-02-28 15:18:02.867925,1971-02-28 15:18:33.056604,0.95,XA,14,peaked mode,MHZ,82.03373021025358,5.342894409462434,0.11569565832176225
XA_S14_00_MHZ,110.0,1971-02-28 20:57:55.622642,1971-02-28 20:58:25.811321,0.95,XA,14,peaked mode,MHZ,93.8260880949725,0.4313243457370471,0.012016596077582847
XA_S14_00_MHZ,57.0,1971-03-01 12:14:13.735849,1971-03-01 12:14:43.924528,0.94,XA,14,peaked mode,MHZ,86.52349146235994,1.3984296183433356,0.03684475012451361
XA_S14_00_MHZ,26.0,1971-03-01 14:08:58.867925,1971-03-01 14:09:29.056604,0.95,XA,14,peaked mode,MHZ,89.95197227020299,4.244501652666927,0.09445897881991844
XA_S14_00_MHZ,14.0,1971-03-06 19:10:19.018868,1971-03-06 19:10:39.094340,0.93,XA,14,peaked mode,MHZ,42.56087157090405,58.16945062103841,0.16729778126670436
XA_S14_00_MHZ,14.0,1971-03-07 18:17:03.094340,1971-03-07 18:17:33.283019,0.94,XA,14,peaked mode,MHZ,46.8303047617151,57.30220141601193,0.16288350982500543
XA_S14_00_MHZ,14.0,1971-03-08 17:42:03.169811,1971-03-08 17:42:23.245283,0.94,XA,14,peaked mode,MHZ,43.41803085715575,52.02193228800606,0.18705225657735522
XA_S14_00_MHZ,16.0,1971-03-09 14:33:01.886792,1971-03-09 14:33:32.075471,0.94,XA,14,peaked mode,MHZ,45.46303036884133,55.662249835898834,0.21848013304638383
XA_S14_00_MHZ,94.0,1971-03-10 13:39:02.188679,1971-03-10 13:39:32.377358,0.96,XA,14,peaked mode,MHZ,10.651976405003047,35.63979689044275,0.7768281153587449
XA_S14_00_MHZ,15.0,1971-03-10 14:31:46.867925,1971-03-10 14:32:17.056604,0.93,XA,14,peaked mode,MHZ,44.47270313156943,56.09856873860401,0.17210212311058184
XA_S14_00_MHZ,15.0,1971-03-11 14:02:31.245283,1971-03-11 14:03:01.433962,0.94,XA,14,peaked mode,MHZ,46.41120638758201,54.82270211710345,0.17239987294691905
XA_S14_00_MHZ,15.0,1971-03-12 03:47:04.452830,1971-03-12 03:47:34.641509,0.94,XA,14,peaked mode,MHZ,45.57914757896373,56.25593188243371,0.21550350052382447
XA_S14_00_MHZ,15.0,1971-03-12 03:49:24.830189,1971-03-12 03:49:55.018868,0.94,XA,14,peaked mode,MHZ,47.584605169217156,56.57539935498736,0.217517714087486
XA_S14_00_MHZ,15.0,1971-03-12 03:52:14.339623,1971-03-12 03:52:44.528302,0.94,XA,14,peaked mode,MHZ,47.021717192115254,55.9100840025146,0.24257352589167955
XA_S14_00_MHZ,15.0,1971-03-12 03:55:09.283019,1971-03-12 03:55:39.471698,0.94,XA,14,peaked mode,MHZ,46.06423425818136,54.71802563539821,0.2042494561355734
XA_S14_00_MHZ,15.0,1971-03-12 03:57:04.301887,1971-03-12 03:57:34.490566,0.94,XA,14,peaked mode,MHZ,46.91849891044575,55.49540338007011,0.26436954151790315
XA_S14_00_MHZ,16.0,1971-03-12 04:03:09.584906,1971-03-12 04:03:39.773585,0.93,XA,14,peaked mode,MHZ,40.67307548750836,69.29106595957536,0.3538298800747867
XA_S14_00_MHZ,16.0,1971-03-12 04:05:09.433962,1971-03-12 04:05:39.622641,0.94,XA,14,peaked mode,MHZ,46.02594459822259,56.96140924961746,0.21291134909979212
XA_S14_00_MHZ,15.0,1971-03-12 11:18:45.886792,1971-03-12 11:19:16.075471,0.94,XA,14,peaked mode,MHZ,46.609559732005465,55.897940124169004,0.21739335586102032
XA_S14_00_MHZ,15.0,1971-03-12 17:03:33.584906,1971-03-12 17:04:03.773585,0.94,XA,14,peaked mode,MHZ,45.96967367391583,55.73897206510097,0.2119099173900073
XA_S14_00_MHZ,15.0,1971-03-12 17:08:32.301887,1971-03-12 17:09:02.490566,0.94,XA,14,peaked mode,MHZ,47.322202692682495,55.04061866339727,0.22616239997721221
XA_S14_00_MHZ,15.0,1971-03-12 17:58:12.528302,1971-03-12 17:58:42.716981,0.94,XA,14,peaked mode,MHZ,45.20330091254974,59.36759232122165,0.260140501080983
XA_S14_00_MHZ,15.0,1971-03-12 18:09:12.905660,1971-03-12 18:09:32.981132,0.94,XA,14,peaked mode,MHZ,46.205653522085065,55.48450035488207,0.23633263018061726
XA_S14_00_MHZ,15.0,1971-03-12 18:15:32.830189,1971-03-12 18:16:03.018868,0.92,XA,14,peaked mode,MHZ,59.44221794194908,73.68180904403684,0.37343298516530676
XA_S14_00_MHZ,15.0,1971-03-12 18:19:12.754717,1971-03-12 18:19:42.943396,0.94,XA,14,peaked mode,MHZ,46.29317215749946,56.10520391622507,0.2361077695632041
XA_S14_00_MHZ,16.0,1971-03-13 10:14:50.415094,1971-03-13 10:15:20.603773,0.94,XA,14,peaked mode,MHZ,47.48235661952063,55.29630580265628,0.17851095396760608
XA_S14_00_MHZ,15.0,1971-03-13 15:44:46.188679,1971-03-13 15:45:16.377358,0.93,XA,14,peaked mode,MHZ,46.317521252463145,56.27378172041311,0.19027151138303808
XA_S14_00_MHZ,16.0,1971-03-13 15:52:26.867925,1971-03-13 15:52:57.056604,0.94,XA,14,peaked mode,MHZ,46.6081228147877,55.91651324955786,0.19960480783232942
XA_S14_00_MHZ,14.0,1971-03-14 09:03:25.283019,1971-03-14 09:03:55.471698,0.94,XA,14,peaked mode,MHZ,47.76836794399335,56.38899353359639,0.18542126816860652
XA_S14_00_MHZ,15.0,1971-03-15 07:24:25.056604,1971-03-15 07:24:55.245283,0.93,XA,14,peaked mode,MHZ,47.56410826497527,55.692412725735664,0.18198159330132044
XA_S14_00_MHZ,15.0,1971-03-15 16:51:07.169811,1971-03-15 16:51:37.358490,0.93,XA,14,peaked mode,MHZ,45.92037547893768,55.84693872230018,0.18150072606438764
XA_S14_00_MHZ,14.0,1971-03-15 20:16:52.981132,1971-03-15 20:17:13.056604,0.93,XA,14,peaked mode,MHZ,45.658536755911214,56.26671226511997,0.20915701717846952
XA_S14_00_MHZ,15.0,1971-03-16 06:07:46.867925,1971-03-16 06:08:17.056604,0.93,XA,14,peaked mode,MHZ,45.01509719703879,55.10774769604525,0.20224161659257575
XA_S14_00_MHZ,15.0,1971-03-17 06:03:19.849057,1971-03-17 06:03:50.037736,0.94,XA,14,peaked mode,MHZ,46.954661423587275,55.66067199929869,0.18559135808680904
XA_S14_00_MHZ,15.0,1971-03-18 06:03:20.150943,1971-03-18 06:03:50.339622,0.95,XA,14,peaked mode,MHZ,45.2803927584104,55.21126832508428,0.24883312847925348
XA_S14_00_MHZ,15.0,1971-03-19 03:58:09.811321,1971-03-19 03:58:40.000000,0.93,XA,14,peaked mode,MHZ,47.755747357334435,55.158384743548815,0.17742352882902712
XA_S14_00_MHZ,15.0,1971-03-20 01:37:13.811321,1971-03-20 01:37:44.000000,0.93,XA,14,peaked mode,MHZ,42.519773794389955,63.57564031282726,0.5277282590089197
XA_S14_00_MHZ,14.0,1971-03-20 23:56:24.754717,1971-03-20 23:56:44.830189,0.92,XA,14,peaked mode,MHZ,46.62165166325756,57.39778133046613,0.18641364885867714
XA_S14_00_MHZ,15.0,1971-03-21 22:10:00.452830,1971-03-21 22:10:30.641509,0.91,XA,14,peaked mode,MHZ,46.00635617681557,56.02358370468134,0.19330028092499263
XA_S14_00_MHZ,15.0,1971-03-22 21:26:19.320755,1971-03-22 21:26:39.396227,0.92,XA,14,peaked mode,MHZ,45.45515682505962,55.36130636235971,0.127818220518633
XA_S14_00_MHZ,14.0,1971-03-23 01:29:58.943396,1971-03-23 01:30:29.132075,0.91,XA,14,peaked mode,MHZ,46.90656367372001,56.88139363281749,0.2180390299762885
XA_S14_00_MHZ,15.0,1971-03-23 15:30:12.830189,1971-03-23 15:30:32.905661,0.92,XA,14,peaked mode,MHZ,46.94673355219487,55.577453485258296,0.17791216325086695
XA_S14_00_MHZ,15.0,1971-03-24 15:37:22.264151,1971-03-24 15:37:52.452830,0.91,XA,14,peaked mode,MHZ,46.52458095988559,56.38150910489735,0.1582351701312377
XA_S14_00_MHZ,15.0,1971-03-26 16:33:39.018868,1971-03-26 16:34:09.207547,0.92,XA,14,peaked mode,MHZ,45.55734993004957,56.54721813940052,0.1557993261335604
XA_S14_00_MHZ,14.0,1971-03-29 15:26:22.188679,1971-03-29 15:26:52.377358,0.93,XA,14,peaked mode,MHZ,45.55981335314479,56.11560836547736,0.1735883935135232
XA_S14_00_MHZ,15.0,1971-04-04 21:16:58.415094,1971-04-04 21:17:18.490566,0.91,XA,14,peaked mode,MHZ,46.34751541029047,56.68265345108249,0.12995682904570402
XA_S14_00_MHZ,15.0,1971-04-07 14:25:04.754717,1971-04-07 14:25:24.830189,0.92,XA,14,peaked mode,MHZ,56.89855063895139,64.6002409371265,0.31889488053445
XA_S14_00_MHZ,15.0,1971-04-11 13:06:01.056604,1971-04-11 13:06:31.245283,0.94,XA,14,peaked mode,MHZ,44.65172434003407,54.95534309961912,0.17330329922220752
XA_S14_00_MHZ,16.0,1971-04-12 13:32:01.358491,1971-04-12 13:32:21.433963,0.93,XA,14,peaked mode,MHZ,43.90233499215885,54.13508159667023,0.13902784125991144
XA_S14_00_MHZ,82.0,1971-04-13 04:28:54.339623,1971-04-13 04:29:14.566038,0.93,XA,14,peaked mode,MHZ,37.56077504858627,70.80517451231671,0.8135228137047208
XA_S14_00_MHZ,15.0,1971-04-16 13:58:02.113208,1971-04-16 13:58:32.301887,0.94,XA,14,peaked mode,MHZ,45.88283406361071,55.86877592272373,0.22147247545203783
XA_S14_00_MHZ,15.0,1971-04-17 12:01:02.037736,1971-04-17 12:01:32.226415,0.93,XA,14,peaked mode,MHZ,46.116378774325334,56.60914768446635,0.19949730929733311
XA_S14_00_MHZ,15.0,1971-04-18 15:31:27.547170,1971-04-18 15:31:47.622642,0.94,XA,14,peaked mode,MHZ,64.4365183791602,63.66815744507435,0.4663403143779639
XA_S14_00_MHZ,15.0,1971-04-19 22:37:14.566038,1971-04-19 22:37:34.641510,0.93,XA,14,peaked mode,MHZ,48.06838674518062,57.57497654017772,0.20542804720866123
XA_S14_00_MHZ,15.0,1971-04-20 16:24:23.094340,1971-04-20 16:24:43.169812,0.93,XA,14,peaked mode,MHZ,45.204139257699374,57.02721313609391,0.1788854057723237
XA_S14_00_MHZ,14.0,1971-04-21 04:48:27.320755,1971-04-21 04:48:47.396227,0.92,XA,14,peaked mode,MHZ,47.096557715933166,57.293919242051295,0.17554100855569646
XA_S14_00_MHZ,15.0,1971-04-21 15:23:12.603774,1971-04-21 15:23:32.679246,0.93,XA,14,peaked mode,MHZ,47.93888432537843,57.045968789920515,0.17164522071415436
XA_S14_00_MHZ,14.0,1971-04-23 14:55:12.301887,1971-04-23 14:55:32.377359,0.92,XA,14,peaked mode,MHZ,46.658804225036164,56.7289364047867,0.17122239416125595
XA_S14_00_MHZ,14.0,1971-04-26 14:28:27.773585,1971-04-26 14:28:47.849057,0.92,XA,14,peaked mode,MHZ,47.01610776274142,56.49678166106545,0.18754412608992715
XA_S14_00_MHZ,331.0,1971-04-26 18:00:53.433962,1971-04-26 18:01:23.622641,0.91,XA,14,peaked mode,MHZ,40.61136069130895,57.48750206857925,0.01802113784384194
XA_S14_00_MHZ,14.0,1971-04-28 13:46:37.283019,1971-04-28 13:46:57.358491,0.93,XA,14,peaked mode,MHZ,47.10567861184562,57.006264870249694,0.1780422784449121
XA_S14_00_MHZ,15.0,1971-04-30 13:41:32.377358,1971-04-30 13:41:52.452830,0.92,XA,14,peaked mode,MHZ,46.27666948553992,56.03504856667956,0.2514374123081235
XA_S14_00_MHZ,14.0,1971-05-03 13:22:01.962264,1971-05-03 13:22:22.037736,0.91,XA,14,peaked mode,MHZ,47.15215351560144,57.14112316035746,0.16016651579347965
XA_S14_00_MHZ,15.0,1971-05-04 23:27:04.905660,1971-05-04 23:27:24.981132,0.94,XA,14,peaked mode,MHZ,47.41955516349329,56.33840698391432,0.14994151501415362
XA_S14_00_MHZ,15.0,1971-05-05 12:18:01.660377,1971-05-05 12:18:31.849056,0.94,XA,14,peaked mode,MHZ,46.27567049310687,65.16218794096996,0.45646297798641916
XA_S14_00_MHZ,8.0,1971-05-06 13:01:14.566038,1971-05-06 13:01:44.754717,0.92,XA,14,peaked mode,MHZ,37.46494798280382,86.66057144163773,0.15990257471157088
XA_S14_00_MHZ,15.0,1971-05-06 13:09:02.037736,1971-05-06 13:09:32.226415,0.95,XA,14,peaked mode,MHZ,44.78594423300594,56.01977617176346,0.2808824684793772
XA_S14_00_MHZ,15.0,1971-05-07 14:38:02.113208,1971-05-07 14:38:32.301887,0.95,XA,14,peaked mode,MHZ,43.362048701233,58.30047793869806,0.16077314375507784
XA_S14_00_MHZ,15.0,1971-05-08 13:30:01.358491,1971-05-08 13:30:31.547170,0.94,XA,14,peaked mode,MHZ,44.340617749853216,54.63371275128074,0.19373572533624372
XA_S14_00_MHZ,15.0,1971-05-09 13:57:57.735849,1971-05-09 13:58:27.924528,0.93,XA,14,peaked mode,MHZ,44.89227048637188,55.32344789410339,0.1606216300361673
XA_S14_00_MHZ,15.0,1971-05-10 19:14:22.339623,1971-05-10 19:14:52.528302,0.94,XA,14,peaked mode,MHZ,43.035974341145675,55.733704883751585,0.18874618025179746
XA_S14_00_MHZ,14.0,1971-05-11 18:03:27.245283,1971-05-11 18:03:57.433962,0.93,XA,14,peaked mode,MHZ,45.52869912159452,55.176616260198244,0.16874719738244764
XA_S14_00_MHZ,15.0,1971-05-12 12:50:43.169811,1971-05-12 12:51:13.358490,0.94,XA,14,peaked mode,MHZ,46.06864050757613,55.04068854842425,0.1654355899869711
XA_S14_00_MHZ,16.0,1971-05-14 19:07:54.566038,1971-05-14 19:08:24.754717,0.93,XA,14,peaked mode,MHZ,44.036172051405835,54.01034683025442,0.16483263302634296
XA_S14_00_MHZ,15.0,1971-05-15 13:04:00.603774,1971-05-15 13:04:30.792453,0.94,XA,14,peaked mode,MHZ,44.93413430007555,55.53455294472101,0.14578980084612378
XA_S14_00_MHZ,16.0,1971-05-17 14:44:11.924528,1971-05-17 14:44:42.113207,0.92,XA,14,peaked mode,MHZ,48.849269358855224,55.10110465121794,0.3256520286302681
XA_S14_00_MHZ,14.0,1971-05-18 14:22:36.679245,1971-05-18 14:23:06.867924,0.94,XA,14,peaked mode,MHZ,56.5408826844427,72.78605688177315,0.3378178064492
XA_S14_00_MHZ,14.0,1971-05-19 13:29:12.452830,1971-05-19 13:29:32.528302,0.93,XA,14,peaked mode,MHZ,47.08883605618458,56.3455971236718,0.1499964262335044
XA_S14_00_MHZ,14.0,1971-05-20 13:26:38.037736,1971-05-20 13:26:58.113208,0.92,XA,14,peaked mode,MHZ,47.37995722779644,56.455053683237715,0.18248192385556167
XA_S14_00_MHZ,14.0,1971-05-21 13:56:02.867925,1971-05-21 13:56:22.943397,0.92,XA,14,peaked mode,MHZ,45.196759959829855,56.03073282179109,0.14602014729852147
XA_S14_00_MHZ,15.0,1971-05-24 13:07:07.169811,1971-05-24 13:07:27.245283,0.92,XA,14,peaked mode,MHZ,45.195942503590125,55.9553140193174,0.156765874436168
XA_S14_00_MHZ,15.0,1971-05-26 13:44:22.037736,1971-05-26 13:44:42.113208,0.93,XA,14,peaked mode,MHZ,44.55617428807554,56.84899734194072,0.21071862832892868
XA_S14_00_MHZ,14.0,1971-05-28 13:38:18.415094,1971-05-28 13:38:48.603773,0.91,XA,14,peaked mode,MHZ,44.73323366433351,56.32003929548366,0.15455210922255982
XA_S14_00_MHZ,15.0,1971-06-01 14:31:47.924528,1971-06-01 14:32:08.000000,0.91,XA,14,peaked mode,MHZ,45.01777986726141,54.96089852981324,0.13312852862028213
XA_S14_00_MHZ,15.0,1971-06-03 10:22:06.792453,1971-06-03 10:22:36.981132,0.94,XA,14,peaked mode,MHZ,43.66479514451759,63.75753350253392,0.28224166900603403
XA_S14_00_MHZ,15.0,1971-06-04 13:48:27.320755,1971-06-04 13:48:57.509434,0.95,XA,14,peaked mode,MHZ,46.42618989344165,54.811643056053306,0.1927201273944163
XA_S14_00_MHZ,16.0,1971-06-05 19:04:38.490566,1971-06-05 19:05:08.679245,0.93,XA,14,peaked mode,MHZ,87.05108739585084,79.43093813807924,0.36764989020342204
XA_S14_00_MHZ,16.0,1971-06-06 16:29:02.339623,1971-06-06 16:29:32.528302,0.94,XA,14,peaked mode,MHZ,43.845169687933556,55.74825939372509,0.20136919487347332
XA_S14_00_MHZ,16.0,1971-06-08 12:14:06.339623,1971-06-08 12:14:36.528302,0.94,XA,14,peaked mode,MHZ,44.680361396716926,54.718428219212754,0.16308862084822032
XA_S14_00_MHZ,15.0,1971-06-09 11:18:01.811321,1971-06-09 11:18:32.000000,0.94,XA,14,peaked mode,MHZ,45.85452864034125,57.323607811939276,0.18990481920526217
XA_S14_00_MHZ,15.0,1971-06-10 13:08:01.207547,1971-06-10 13:08:31.396226,0.94,XA,14,peaked mode,MHZ,46.09701216982438,54.62520741401745,0.16886968087541784
XA_S14_00_MHZ,15.0,1971-06-11 13:06:01.056604,1971-06-11 13:06:31.245283,0.94,XA,14,peaked mode,MHZ,45.144599870613426,54.079498119674405,0.1536549965019786
XA_S14_00_MHZ,15.0,1971-06-13 14:26:41.660377,1971-06-13 14:27:11.849056,0.94,XA,14,peaked mode,MHZ,45.448735849304036,55.36713784895894,0.1667206442582683
XA_S14_00_MHZ,15.0,1971-06-14 14:26:11.773585,1971-06-14 14:26:41.962264,0.94,XA,14,peaked mode,MHZ,46.73141125427238,55.479768844441544,0.1888899360721794
XA_S14_00_MHZ,15.0,1971-06-15 14:26:17.358491,1971-06-15 14:26:47.547170,0.94,XA,14,peaked mode,MHZ,47.52036313807757,55.248003024319,0.17168878579707578
XA_S14_00_MHZ,15.0,1971-06-16 23:21:18.490566,1971-06-16 23:21:48.679245,0.94,XA,14,peaked mode,MHZ,35.00970278620534,64.19510778729347,0.3125648738988554
XA_S14_00_MHZ,14.0,1971-06-17 21:20:27.471698,1971-06-17 21:20:47.547170,0.93,XA,14,peaked mode,MHZ,46.471339744827524,56.61785865769177,0.16936356946270176
XA_S14_00_MHZ,14.0,1971-06-18 07:20:10.867925,1971-06-18 07:20:30.943397,0.93,XA,14,peaked mode,MHZ,45.074794299679404,61.45467005022424,0.2378958887216796
XA_S14_00_MHZ,14.0,1971-06-18 19:24:14.037736,1971-06-18 19:24:34.113208,0.92,XA,14,peaked mode,MHZ,46.28968508571823,56.566296715654566,0.13971664780742796
XA_S14_00_MHZ,14.0,1971-06-19 13:23:12.150943,1971-06-19 13:23:32.226415,0.93,XA,14,peaked mode,MHZ,45.72382784279511,56.21903231409584,0.15738686226110818
XA_S14_00_MHZ,15.0,1971-06-21 13:25:17.132075,1971-06-21 13:25:37.207547,0.93,XA,14,peaked mode,MHZ,45.672148502295954,56.11038964156317,0.1429194294830759
XA_S14_00_MHZ,14.0,1971-06-23 14:22:22.188679,1971-06-23 14:22:42.264151,0.91,XA,14,peaked mode,MHZ,45.47281839643751,55.77328372796877,0.15334242912616097
XA_S14_00_MHZ,19.0,1971-07-04 13:20:02.566038,1971-07-04 13:20:22.641510,0.9,XA,14,peaked mode,MHZ,44.0750253666438,52.65083281487356,0.16741743188050084
XA_S14_00_MHZ,15.0,1971-07-09 14:39:01.283019,1971-07-09 14:39:31.471698,0.94,XA,14,peaked mode,MHZ,46.46277642058198,56.46220460543386,0.19348584421947893
XA_S14_00_MHZ,15.0,1971-07-10 14:15:01.132075,1971-07-10 14:15:31.320754,0.94,XA,14,peaked mode,MHZ,46.27159845880479,55.289833551742475,0.1545789716684527
XA_S14_00_MHZ,15.0,1971-07-12 22:20:14.339623,1971-07-12 22:20:44.528302,0.93,XA,14,peaked mode,MHZ,45.836470914915395,55.51880043442634,0.14171256539898933
XA_S14_00_MHZ,15.0,1971-07-12 22:24:38.641509,1971-07-12 22:25:08.830188,0.93,XA,14,peaked mode,MHZ,45.939138045877144,54.495541539089984,0.13992634905402912
XA_S14_00_MHZ,15.0,1971-07-13 14:26:17.056604,1971-07-13 14:26:47.245283,0.94,XA,14,peaked mode,MHZ,47.30342824659136,57.97639389249748,0.18676621487660414
XA_S14_00_MHZ,16.0,1971-07-15 12:40:12.377358,1971-07-15 12:40:42.566037,0.94,XA,14,peaked mode,MHZ,46.74202388318992,55.128779792975735,0.15259779824682934
XA_S14_00_MHZ,14.0,1971-07-16 14:30:32.150943,1971-07-16 14:31:02.339622,0.94,XA,14,peaked mode,MHZ,113.74178787676638,66.73883904912329,0.8451375496387009
XA_S14_00_MHZ,14.0,1971-07-17 18:04:18.415094,1971-07-17 18:04:38.490566,0.92,XA,14,peaked mode,MHZ,119.18431001251089,61.80103827850226,0.6195959139023107
XA_S14_00_MHZ,15.0,1971-07-18 06:26:10.113208,1971-07-18 06:26:30.188680,0.93,XA,14,peaked mode,MHZ,112.36276596522224,61.645306312178384,0.7028377452199767
XA_S14_00_MHZ,15.0,1971-07-18 20:05:13.660377,1971-07-18 20:05:33.735849,0.93,XA,14,peaked mode,MHZ,47.310734271540205,56.20032206182602,0.16304895452997512
XA_S14_00_MHZ,15.0,1971-07-19 14:20:12.226415,1971-07-19 14:20:32.301887,0.92,XA,14,peaked mode,MHZ,46.108511180085124,56.00427000884475,0.15467601810766382
XA_S14_00_MHZ,15.0,1971-07-21 14:15:12.000000,1971-07-21 14:15:32.075472,0.92,XA,14,peaked mode,MHZ,46.6215663553035,55.08165388868918,0.16901311920398038
XA_S14_00_MHZ,15.0,1971-07-23 13:27:52.000000,1971-07-23 13:28:12.075472,0.94,XA,14,peaked mode,MHZ,46.02633032217152,55.290482084079706,0.17651825582493127
XA_S14_00_MHZ,14.0,1971-07-26 18:28:08.301887,1971-07-26 18:28:28.377359,0.92,XA,14,peaked mode,MHZ,45.157543321945525,56.01128925393644,0.1632067118015755
XA_S14_00_MHZ,14.0,1971-07-28 13:11:02.490566,1971-07-28 13:11:22.566038,0.93,XA,14,peaked mode,MHZ,45.9088621093294,56.34690817432205,0.18043031094987164
XA_S14_00_MHZ,15.0,1971-07-29 18:40:33.509434,1971-07-29 18:41:03.698113,0.91,XA,14,peaked mode,MHZ,46.3122471387754,56.28604403687134,0.15342474285338514
XA_S14_00_MHZ,14.0,1971-07-29 23:32:44.679245,1971-07-29 23:33:04.754717,0.93,XA,14,peaked mode,MHZ,46.160023054868915,56.596644790200436,0.16279717397228144
XA_S14_00_MHZ,15.0,1971-07-29 23:46:49.660377,1971-07-29 23:47:09.735849,0.92,XA,14,peaked mode,MHZ,46.753820110203776,56.76454931034203,0.15989151824850947
XA_S14_00_MHZ,15.0,1971-07-30 15:22:18.716981,1971-07-30 15:22:38.792453,0.93,XA,14,peaked mode,MHZ,46.22062679022445,56.91360967957073,0.1732476258849203
XA_S14_00_MHZ,15.0,1971-08-02 17:22:33.811321,1971-08-02 17:22:53.886793,0.95,XA,14,peaked mode,MHZ,0.3910855453122754,83.2279522522006,0.24459936881421673
XA_S14_00_MHZ,15.0,1971-08-02 19:19:52.150943,1971-08-02 19:20:22.339622,0.93,XA,14,peaked mode,MHZ,177.31945871536203,80.295990680922,0.2992821541318974
XA_S14_00_MHZ,16.0,1971-08-03 05:30:44.981132,1971-08-03 05:31:15.169811,0.93,XA,14,peaked mode,MHZ,47.30326108093689,57.01348852880679,0.2468223524737392
XA_S14_00_MHZ,15.0,1971-08-03 14:31:12.452830,1971-08-03 14:31:42.641509,0.94,XA,14,peaked mode,MHZ,47.67285214433976,57.21054657601149,0.2069297237372573
XA_S14_00_MHZ,16.0,1971-08-04 10:55:11.396226,1971-08-04 10:55:41.584905,0.93,XA,14,peaked mode,MHZ,46.410444790473974,56.46997598785557,0.19836680457049935
XA_S14_00_MHZ,16.0,1971-08-05 12:15:11.396226,1971-08-05 12:15:41.584905,0.94,XA,14,peaked mode,MHZ,45.72899889754826,56.21464019782377,0.14681218661391027
XA_S14_00_MHZ,15.0,1971-08-06 07:40:20.679245,1971-08-06 07:40:50.867924,0.94,XA,14,peaked mode,MHZ,44.77797192891497,59.49237953010519,0.32328746275097314
XA_S14_00_MHZ,15.0,1971-08-07 05:00:50.264151,1971-08-07 05:01:20.452830,0.94,XA,14,peaked mode,MHZ,45.63213596446478,58.34535028571146,0.3786727897000249
XA_S14_00_MHZ,15.0,1971-08-08 03:02:58.716981,1971-08-08 03:03:28.905660,0.93,XA,14,peaked mode,MHZ,46.315494236395374,55.91580520666173,0.16806973779444226
XA_S14_00_MHZ,16.0,1971-08-09 00:44:13.283019,1971-08-09 00:44:43.471698,0.94,XA,14,peaked mode,MHZ,45.26105699639596,55.59970158300617,0.1676667215685087
XA_S14_00_MHZ,15.0,1971-08-09 22:33:53.056604,1971-08-09 22:34:23.245283,0.94,XA,14,peaked mode,MHZ,44.614157139214534,55.277648501662156,0.14203197848572974
XA_S14_00_MHZ,15.0,1971-08-09 22:37:33.283019,1971-08-09 22:38:03.471698,0.94,XA,14,peaked mode,MHZ,43.91126347578583,55.750857516046445,0.16441281086002935
XA_S14_00_MHZ,15.0,1971-08-10 23:08:12.528302,1971-08-10 23:08:42.716981,0.94,XA,14,peaked mode,MHZ,45.30178862902362,55.89343296300785,0.14847701459453677
XA_S14_00_MHZ,15.0,1971-08-11 21:13:37.358491,1971-08-11 21:14:07.547170,0.95,XA,14,peaked mode,MHZ,46.3669358571294,56.40679530759376,0.17716269590955996
XA_S14_00_MHZ,15.0,1971-08-12 18:42:43.018868,1971-08-12 18:43:13.207547,0.95,XA,14,peaked mode,MHZ,45.8486016018112,56.2634685947749,0.1597009571794293
XA_S14_00_MHZ,16.0,1971-08-13 17:11:47.320755,1971-08-13 17:12:17.509434,0.94,XA,14,peaked mode,MHZ,48.22450295272501,56.06512778292569,0.1583139364523728
XA_S14_00_MHZ,16.0,1971-08-14 16:19:14.867925,1971-08-14 16:19:45.056604,0.94,XA,14,peaked mode,MHZ,96.809040200568,75.90000600935865,0.4465636673638233
XA_S14_00_MHZ,15.0,1971-08-15 14:05:22.415094,1971-08-15 14:05:52.603773,0.94,XA,14,peaked mode,MHZ,47.474403430986904,55.265518464321424,0.17470108674319418
XA_S14_00_MHZ,14.0,1971-08-16 12:12:50.264151,1971-08-16 12:13:20.452830,0.94,XA,14,peaked mode,MHZ,46.0519433000728,56.658842241181205,0.1840057773866883
XA_S14_00_MHZ,14.0,1971-08-17 11:30:46.188679,1971-08-17 11:31:16.377358,0.94,XA,14,peaked mode,MHZ,46.241833962080264,55.4288196955351,0.16224515367474993
XA_S14_00_MHZ,15.0,1971-08-18 11:06:41.056604,1971-08-18 11:07:11.245283,0.93,XA,14,peaked mode,MHZ,46.30730511215386,55.722573184150185,0.18113694993711094
XA_S14_00_MHZ,15.0,1971-08-19 11:29:45.509434,1971-08-19 11:30:15.698113,0.94,XA,14,peaked mode,MHZ,45.513983831679795,55.73247342226391,0.19401633719588232
XA_S14_00_MHZ,15.0,1971-08-20 09:40:15.698113,1971-08-20 09:40:45.886792,0.94,XA,14,peaked mode,MHZ,45.17877363474912,55.867925181647806,0.15891227781849443
XA_S14_00_MHZ,14.0,1971-08-21 07:49:15.471698,1971-08-21 07:49:45.660377,0.93,XA,14,peaked mode,MHZ,44.58723081104176,56.5433006366405,0.14283063706816587
XA_S14_00_MHZ,14.0,1971-08-22 07:13:35.396226,1971-08-22 07:14:05.584905,0.94,XA,14,peaked mode,MHZ,45.48394292086216,57.297538324369526,0.15490875032901252
XA_S14_00_MHZ,15.0,1971-08-23 05:55:45.056604,1971-08-23 05:56:15.245283,0.93,XA,14,peaked mode,MHZ,45.606132248925846,55.25381316038467,0.17319560308771445
XA_S14_00_MHZ,15.0,1971-08-24 04:40:44.679245,1971-08-24 04:41:14.867924,0.93,XA,14,peaked mode,MHZ,44.835643571646294,55.47270082666716,0.13879753787268673
XA_S14_00_MHZ,14.0,1971-08-29 22:25:13.811321,1971-08-29 22:25:44.000000,0.94,XA,14,peaked mode,MHZ,45.714508672286726,56.631387214647894,0.17704675203113968
XA_S14_00_MHZ,16.0,1971-08-30 19:44:13.584906,1971-08-30 19:44:43.773585,0.93,XA,14,peaked mode,MHZ,47.124569040404175,53.903421616175315,0.19802796058568317
XA_S14_00_MHZ,16.0,1971-08-31 16:57:17.735849,1971-08-31 16:57:47.924528,0.93,XA,14,peaked mode,MHZ,18.500282300989056,77.60518013917758,0.4202422871998051
XA_S14_00_MHZ,15.0,1971-09-02 16:42:18.264151,1971-09-02 16:42:48.452830,0.93,XA,14,peaked mode,MHZ,46.95757486234166,56.9844597584345,0.18369275615098013
XA_S14_00_MHZ,15.0,1971-09-03 17:03:27.547170,1971-09-03 17:03:57.735849,0.94,XA,14,peaked mode,MHZ,46.821792422937776,57.04501246174439,0.17449767049839154
XA_S14_00_MHZ,16.0,1971-09-04 18:50:47.849057,1971-09-04 18:51:18.037736,0.94,XA,14,peaked mode,MHZ,44.51199433025033,55.1837836081061,0.16009024437077038
XA_S14_00_MHZ,16.0,1971-09-05 16:43:42.037736,1971-09-05 16:44:12.226415,0.94,XA,14,peaked mode,MHZ,45.189735370195706,54.941493234937454,0.17042269926919504
XA_S14_00_MHZ,15.0,1971-09-06 17:16:11.924528,1971-09-06 17:16:42.113207,0.94,XA,14,peaked mode,MHZ,43.92270033377962,54.95891922109029,0.162237093324379
XA_S14_00_MHZ,16.0,1971-09-07 12:23:10.792453,1971-09-07 12:23:40.981132,0.94,XA,14,peaked mode,MHZ,47.04201058288964,54.74618720587106,0.1717912468387158
XA_S14_00_MHZ,15.0,1971-09-08 08:54:00.000000,1971-09-08 08:54:30.188679,0.94,XA,14,peaked mode,MHZ,44.936390614757975,55.81504971425726,0.14516374551653224
XA_S14_00_MHZ,15.0,1971-09-09 05:30:10.264151,1971-09-09 05:30:40.452830,0.94,XA,14,peaked mode,MHZ,47.70048645915623,52.29648287307178,0.13406569688918687
XA_S14_00_MHZ,15.0,1971-09-11 11:58:36.377358,1971-09-11 11:59:06.566037,0.93,XA,14,peaked mode,MHZ,47.15924485199637,55.38381670994101,0.19480579150350008
XA_S14_00_MHZ,15.0,1971-09-12 06:25:10.037736,1971-09-12 06:25:40.226415,0.93,XA,14,peaked mode,MHZ,48.26284612109365,61.04773072953915,0.28981828033557094
XA_S14_00_MHZ,15.0,1971-09-13 02:33:12.452830,1971-09-13 02:33:42.641509,0.94,XA,14,peaked mode,MHZ,53.00238310901157,64.86513139614487,0.36058237051880304
XA_S14_00_MHZ,14.0,1971-09-14 08:30:36.226415,1971-09-14 08:30:56.301887,0.92,XA,14,peaked mode,MHZ,48.420563804388685,56.68337278261058,0.1812389677254202
XA_S14_00_MHZ,14.0,1971-09-14 19:58:59.320755,1971-09-14 19:59:19.396227,0.91,XA,14,peaked mode,MHZ,46.12868331737907,56.57261179558031,0.16984135992623006
XA_S14_00_MHZ,15.0,1971-09-16 13:01:13.056604,1971-09-16 13:01:33.132076,0.92,XA,14,peaked mode,MHZ,46.106677160614346,56.13915588296092,0.1537638709202769
XA_S14_00_MHZ,14.0,1971-09-20 14:02:22.037736,1971-09-20 14:02:42.113208,0.92,XA,14,peaked mode,MHZ,46.91117256528432,56.83906639945271,0.18677421685532936
XA_S14_00_MHZ,15.0,1971-09-22 14:45:32.528302,1971-09-22 14:45:52.603774,0.93,XA,14,peaked mode,MHZ,46.82062923621378,57.303375753202545,0.16375933950246074
XA_S14_00_MHZ,7.0,1971-09-28 19:19:41.283019,1971-09-28 19:20:11.471698,0.91,XA,14,peaked mode,MHZ,69.56721755909028,81.87816284181653,0.2601754756013836
XA_S14_00_MHZ,17.0,1971-10-01 01:02:10.264151,1971-10-01 01:02:35.320755,0.92,XA,14,peaked mode,MHZ,44.62915871383839,50.52320767457856,0.2392750083968761
XA_S14_00_MHZ,18.0,1971-10-01 13:34:13.584906,1971-10-01 13:34:38.641510,0.93,XA,14,peaked mode,MHZ,46.91260386094483,51.30883987687159,0.2438977733363923
XA_S14_00_MHZ,16.0,1971-10-04 17:36:03.471698,1971-10-04 17:36:28.528302,0.91,XA,14,peaked mode,MHZ,44.705343758084865,50.0200762337671,0.24876233101964604
XA_S14_00_MHZ,17.0,1971-10-05 17:28:13.433962,1971-10-05 17:28:38.490566,0.92,XA,14,peaked mode,MHZ,45.26515921468687,50.16996769698281,0.24419721941021225
XA_S14_00_MHZ,16.0,1971-10-06 17:25:22.415094,1971-10-06 17:25:42.490566,0.91,XA,14,peaked mode,MHZ,49.536460058139035,58.38522627234685,0.4472906214976643
XA_S14_00_MHZ,64.0,1971-10-06 21:56:08.754717,1971-10-06 21:56:38.943396,0.93,XA,14,peaked mode,MHZ,61.79269660016268,1.301779848109903,0.026049972807210078
XA_S14_00_MHZ,16.0,1971-10-07 16:25:12.301887,1971-10-07 16:25:32.377359,0.91,XA,14,peaked mode,MHZ,44.93275364395374,51.942808495823385,0.20374649878131706
XA_S14_00_MHZ,15.0,1971-10-08 16:21:12.000000,1971-10-08 16:21:42.188679,0.91,XA,14,peaked mode,MHZ,45.42589030044313,54.11474286300958,0.19335087246362956
XA_S14_00_MHZ,17.0,1971-10-28 20:23:40.075472,1971-10-28 20:24:05.132076,0.9,XA,14,peaked mode,MHZ,34.55706137219221,68.77469968430871,0.5793610236859668
XA_S14_00_MHZ,18.0,1971-10-30 12:30:48.301887,1971-10-30 12:31:13.358491,0.93,XA,14,peaked mode,MHZ,46.040505734945036,53.2236612239727,0.2628553185393308
XA_S14_00_MHZ,17.0,1971-10-31 15:23:33.735849,1971-10-31 15:23:58.792453,0.92,XA,14,peaked mode,MHZ,46.39587705787434,50.08011546211056,0.24646071839674924
XA_S14_00_MHZ,17.0,1971-11-03 15:20:12.226415,1971-11-03 15:20:32.301887,0.94,XA,14,peaked mode,MHZ,44.23880213669757,54.12373354546011,0.18284951910727834
XA_S14_00_MHZ,18.0,1971-11-05 15:33:49.433962,1971-11-05 15:34:09.509434,0.92,XA,14,peaked mode,MHZ,45.611334476975074,51.80689872593626,0.1815475436714226
XA_S14_00_MHZ,18.0,1971-11-11 15:11:12.905660,1971-11-11 15:11:32.981132,0.91,XA,14,peaked mode,MHZ,41.10331972292716,53.90622370464501,0.3139207308036805
XA_S14_00_MHZ,20.0,1971-11-13 11:13:12.603774,1971-11-13 11:13:37.660378,0.92,XA,14,peaked mode,MHZ,46.57077897058035,47.112617868914754,0.29145766130068135
XA_S14_00_MHZ,16.0,1971-11-15 15:41:12.603774,1971-11-15 15:41:32.679246,0.91,XA,14,peaked mode,MHZ,45.21629493449713,52.86348263837174,0.2918742201662852
XA_S14_00_MHZ,18.0,1971-11-17 15:56:12.528302,1971-11-17 15:56:32.603774,0.94,XA,14,peaked mode,MHZ,47.298165318892345,54.13206181277131,0.18476818092592842
XA_S14_00_MHZ,18.0,1971-11-19 14:45:12.150943,1971-11-19 14:45:32.226415,0.9,XA,14,peaked mode,MHZ,46.42591235405048,50.58027552466569,0.27161691557599055
XA_S14_00_MHZ,29.0,1971-11-29 18:44:23.849057,1971-11-29 18:44:48.905661,0.91,XA,14,peaked mode,MHZ,38.6355004876936,52.51885423200867,0.5221497417491643
XA_S14_00_MHZ,20.0,1971-12-13 16:33:42.792453,1971-12-13 16:34:02.867925,0.9,XA,14,peaked mode,MHZ,46.36422748089685,49.79333883044281,0.2318364348104383
XA_S14_00_MHZ,19.0,1971-12-30 14:51:07.471698,1971-12-30 14:51:32.528302,0.91,XA,14,peaked mode,MHZ,43.763601144566934,48.85531807386764,0.2135918701925945
XA_S14_00_MHZ,15.0,1972-02-01 19:19:02.943396,1972-02-01 19:19:33.132075,0.94,XA,14,peaked mode,MHZ,46.00106021269383,55.10175931332276,0.18948908680675977
XA_S14_00_MHZ,15.0,1972-02-02 15:39:17.886792,1972-02-02 15:39:48.075471,0.94,XA,14,peaked mode,MHZ,45.2972943037749,56.11955936903141,0.15443484803114882
XA_S14_00_MHZ,16.0,1972-02-07 14:41:01.886792,1972-02-07 14:41:32.075471,0.93,XA,14,peaked mode,MHZ,45.507391144458076,62.977777286754325,0.3462818708870176
XA_S14_00_MHZ,14.0,1972-02-09 13:59:34.641509,1972-02-09 13:59:54.716981,0.92,XA,14,peaked mode,MHZ,47.17119583894125,56.876922202360184,0.1686871992372855
XA_S14_00_MHZ,15.0,1972-02-10 13:56:03.169811,1972-02-10 13:56:23.245283,0.93,XA,14,peaked mode,MHZ,46.085476668422814,57.6833250131808,0.17459267152455804
XA_S14_00_MHZ,14.0,1972-02-11 14:58:02.113208,1972-02-11 14:58:22.188680,0.92,XA,14,peaked mode,MHZ,46.007098213377866,56.790362847366275,0.16125506651355
XA_S14_00_MHZ,16.0,1972-02-14 14:26:56.754717,1972-02-14 14:27:26.943396,0.92,XA,14,peaked mode,MHZ,46.27391404796436,57.429399754159775,0.13204652050933016
XA_S14_00_MHZ,15.0,1972-02-16 02:44:46.792453,1972-02-16 02:45:07.018868,0.93,XA,14,peaked mode,MHZ,46.349857504091105,55.57024377151325,0.1663193505285362
XA_S14_00_MHZ,15.0,1972-02-16 14:11:49.584906,1972-02-16 14:12:09.660378,0.93,XA,14,peaked mode,MHZ,45.91511456884732,56.29021751461003,0.16292449588938532
XA_S14_00_MHZ,15.0,1972-02-22 14:52:07.698113,1972-02-22 14:52:27.773585,0.92,XA,14,peaked mode,MHZ,48.342033495958226,56.378005263929694,0.17323585228847954
XA_S14_00_MHZ,15.0,1972-02-23 15:17:17.433962,1972-02-23 15:17:47.622641,0.91,XA,14,peaked mode,MHZ,46.555007346803876,56.5484203364175,0.16853712571985932
XA_S14_00_MHZ,16.0,1972-02-24 05:44:00.000000,1972-02-24 05:44:30.188679,0.93,XA,14,peaked mode,MHZ,66.33482170293799,68.17424065994827,0.45302937193768456
XA_S14_00_MHZ,15.0,1972-02-24 15:57:48.075472,1972-02-24 15:58:18.264151,0.94,XA,14,peaked mode,MHZ,56.025483599103275,68.8208992359966,0.3994233284467712
XA_S14_00_MHZ,16.0,1972-02-25 17:58:13.433962,1972-02-25 17:58:43.622641,0.94,XA,14,peaked mode,MHZ,67.30566939602151,71.61611491981951,0.3850204213290528
XA_S14_00_MHZ,15.0,1972-02-26 12:58:22.943396,1972-02-26 12:58:53.132075,0.93,XA,14,peaked mode,MHZ,24.914019583139602,80.22072955401495,0.2557335468707052
XA_S14_00_MHZ,15.0,1972-02-28 14:39:12.000000,1972-02-28 14:39:42.188679,0.93,XA,14,peaked mode,MHZ,44.38903748961329,55.775201179142925,0.20698864621145469
XA_S14_00_MHZ,15.0,1972-03-01 15:09:12.150943,1972-03-01 15:09:42.339622,0.93,XA,14,peaked mode,MHZ,44.1367992407177,55.170190658197996,0.1522372634806006
XA_S14_00_MHZ,14.0,1972-03-02 15:33:12.905660,1972-03-02 15:33:32.981132,0.95,XA,14,peaked mode,MHZ,24.583761125867603,84.41213256259759,0.2168235440775553
XA_S14_00_MHZ,15.0,1972-03-03 15:23:12.150943,1972-03-03 15:23:42.339622,0.93,XA,14,peaked mode,MHZ,44.63582634040314,54.84581332249507,0.13128857400665417
XA_S14_00_MHZ,14.0,1972-03-04 15:18:12.528302,1972-03-04 15:18:42.716981,0.94,XA,14,peaked mode,MHZ,45.544638584540934,55.133771462832044,0.16277469071014847
XA_S14_00_MHZ,18.0,1972-03-06 14:46:02.113208,1972-03-06 14:46:32.301887,0.92,XA,14,peaked mode,MHZ,111.87176192650044,87.08118224019648,0.36122027935919676
XA_S14_00_MHZ,15.0,1972-03-07 14:47:17.584906,1972-03-07 14:47:47.773585,0.94,XA,14,peaked mode,MHZ,46.37490375179441,55.03098858663808,0.20031451927095006
XA_S14_00_MHZ,15.0,1972-03-08 15:35:13.056604,1972-03-08 15:35:43.245283,0.93,XA,14,peaked mode,MHZ,0.23654653053629363,74.6772045659504,0.6666569455825551
XA_S14_00_MHZ,14.0,1972-03-09 17:16:02.264151,1972-03-09 17:16:22.339623,0.93,XA,14,peaked mode,MHZ,45.517234569718546,57.99000806684544,0.17198162961118588
XA_S14_00_MHZ,15.0,1972-03-10 14:09:31.622642,1972-03-10 14:09:51.698114,0.93,XA,14,peaked mode,MHZ,46.36069512192305,56.32575089870388,0.16785536043507146
XA_S14_00_MHZ,11.0,1976-11-18 15:44:12.528302,1976-11-18 15:44:32.603774,0.92,XA,14,peaked mode,MHZ,59.06371415225923,62.30792863090028,0.18158550493306228
XA_S14_00_MHZ,11.0,1976-11-19 14:26:29.735849,1976-11-19 14:26:49.811321,0.92,XA,14,peaked mode,MHZ,90.0,68.18544871424314,0.7073173203199645
XA_S14_00_MHZ,11.0,1976-11-22 15:00:30.943396,1976-11-22 15:01:01.132075,0.91,XA,14,peaked mode,MHZ,58.8324748681945,58.46259956285915,0.21119062787293783
XA_S14_00_MHZ,10.0,1976-11-24 15:44:12.075472,1976-11-24 15:44:32.150944,0.92,XA,14,peaked mode,MHZ,60.239950858649856,62.11749420787089,0.19856588965117036
XA_S14_00_MHZ,10.0,1976-11-26 15:00:17.056604,1976-11-26 15:00:37.283019,0.92,XA,14,peaked mode,MHZ,58.11089045417664,63.08693911677408,0.20803359113327632
XA_S14_00_MHZ,10.0,1976-11-28 15:35:14.264151,1976-11-28 15:35:34.490566,0.93,XA,14,peaked mode,MHZ,59.53032043718605,62.953298290694775,0.23379469332745734
XA_S14_00_MHZ,10.0,1976-11-29 16:32:02.566038,1976-11-29 16:32:22.641510,0.91,XA,14,peaked mode,MHZ,59.25503714732613,64.1156042900584,0.23538905475241614
XA_S14_00_MHZ,9.0,1976-11-30 15:24:14.188679,1976-11-30 15:24:34.415094,0.93,XA,14,peaked mode,MHZ,59.67798434265688,63.561238627579584,0.20267571684004013
XA_S14_00_MHZ,11.0,1976-12-01 08:08:11.773585,1976-12-01 08:08:41.962264,0.93,XA,14,peaked mode,MHZ,67.15278385536323,76.20257558580798,0.33877224087720265
XA_S14_00_MHZ,11.0,1976-12-02 15:13:09.433962,1976-12-02 15:13:39.622641,0.92,XA,14,peaked mode,MHZ,105.66606067836234,84.54398019108797,0.29619387888873844
XA_S14_00_MHZ,11.0,1976-12-03 15:23:16.377358,1976-12-03 15:23:46.566037,0.91,XA,14,peaked mode,MHZ,70.35154698704521,75.87546833817342,0.24194811739860034
XA_S14_00_MHZ,11.0,1976-12-05 00:07:09.735849,1976-12-05 00:07:29.811321,0.93,XA,14,peaked mode,MHZ,56.049357852722125,66.04148076475327,0.3394259505424013
XA_S14_00_MHZ,11.0,1976-12-05 15:17:13.207547,1976-12-05 15:17:43.396226,0.93,XA,14,peaked mode,MHZ,47.25540816598185,65.9654642657384,0.3224545682070788
XA_S14_00_MHZ,11.0,1976-12-06 15:41:10.490566,1976-12-06 15:41:40.679245,0.93,XA,14,peaked mode,MHZ,48.00087522796475,68.06527473152401,0.3329337136496607
XA_S14_00_MHZ,11.0,1976-12-07 15:11:11.547170,1976-12-07 15:11:31.622642,0.94,XA,14,peaked mode,MHZ,30.520932321819608,80.14256638203868,0.3539371400557519
XA_S14_00_MHZ,10.0,1976-12-08 16:11:13.056604,1976-12-08 16:11:43.245283,0.94,XA,14,peaked mode,MHZ,37.411823742485645,61.00787914158522,0.162682016361944
XA_S14_00_MHZ,11.0,1976-12-09 15:31:13.660377,1976-12-09 15:31:33.735849,0.94,XA,14,peaked mode,MHZ,54.44537224973411,67.13047910476045,0.34092943984459645
XA_S14_00_MHZ,11.0,1976-12-10 15:52:13.584906,1976-12-10 15:52:33.660378,0.93,XA,14,peaked mode,MHZ,68.73913141216437,73.35054806545952,0.2871124488912416
XA_S14_00_MHZ,11.0,1976-12-11 02:35:10.490566,1976-12-11 02:35:30.566038,0.94,XA,14,peaked mode,MHZ,67.43013275047397,73.57620555620312,0.26225588368127783
XA_S14_00_MHZ,10.0,1976-12-11 22:03:12.603774,1976-12-11 22:03:42.792453,0.93,XA,14,peaked mode,MHZ,70.08055131685784,75.57063499674307,0.23044590480076507
XA_S14_00_MHZ,10.0,1976-12-12 16:36:16.150943,1976-12-12 16:36:46.339622,0.94,XA,14,peaked mode,MHZ,78.1773887064703,78.80873944843628,0.2473195408716907
XA_S14_00_MHZ,12.0,1976-12-13 15:32:16.000000,1976-12-13 15:32:46.188679,0.93,XA,14,peaked mode,MHZ,87.85994504549326,88.9218096370301,0.08364072341786492
XA_S14_00_MHZ,9.0,1976-12-14 16:21:03.698113,1976-12-14 16:21:33.886792,0.92,XA,14,peaked mode,MHZ,86.69958808351588,83.85410682034968,0.16050659489128125
XA_S14_00_MHZ,10.0,1976-12-15 23:08:03.622642,1976-12-15 23:08:33.811321,0.94,XA,14,peaked mode,MHZ,55.27256809885186,60.65908330352582,0.1570030043059472
XA_S14_00_MHZ,9.0,1976-12-16 01:29:59.245283,1976-12-16 01:30:29.433962,0.94,XA,14,peaked mode,MHZ,56.6429823048848,63.84957604018799,0.18960332720585366
XA_S14_00_MHZ,11.0,1976-12-16 15:36:11.773585,1976-12-16 15:36:31.849057,0.92,XA,14,peaked mode,MHZ,53.78582476146428,62.54686471907402,0.1527947993302232
XA_S14_00_MHZ,10.0,1976-12-17 15:40:12.075472,1976-12-17 15:40:32.150944,0.93,XA,14,peaked mode,MHZ,56.948805212034166,63.356812801360206,0.17058127970280076
XA_S14_00_MHZ,10.0,1976-12-20 15:27:11.698113,1976-12-20 15:27:31.773585,0.91,XA,14,peaked mode,MHZ,57.9480387521972,62.81864345778047,0.17494730340595382
XA_S14_00_MHZ,10.0,1976-12-22 02:40:09.660377,1976-12-22 02:40:29.735849,0.92,XA,14,peaked mode,MHZ,59.14853544622601,63.4261644805902,0.18056071552863454
XA_S14_00_MHZ,11.0,1976-12-24 15:08:12.075472,1976-12-24 15:08:32.150944,0.9,XA,14,peaked mode,MHZ,59.789526219650284,61.223581603884675,0.1744806800615999
XA_S14_00_MHZ,10.0,1976-12-27 15:36:12.226415,1976-12-27 15:36:32.301887,0.9,XA,14,peaked mode,MHZ,60.907033247321614,62.35296682347506,0.19365341069803937
XA_S14_00_MHZ,10.0,1976-12-28 15:28:12.377358,1976-12-28 15:28:32.452830,0.9,XA,14,peaked mode,MHZ,59.36390893190096,62.863811750134346,0.18752166088733685
XA_S14_00_MHZ,11.0,1976-12-31 16:12:14.188679,1976-12-31 16:12:34.264151,0.93,XA,14,peaked mode,MHZ,71.34032822679818,83.20824230483427,0.30112120639949197
XA_S14_00_MHZ,11.0,1977-01-01 15:25:22.264151,1977-01-01 15:25:52.452830,0.93,XA,14,peaked mode,MHZ,84.720608577049,89.85056498789879,0.2987984809098746
XA_S14_00_MHZ,11.0,1977-01-02 15:34:12.226415,1977-01-02 15:34:42.415094,0.94,XA,14,peaked mode,MHZ,66.36827358806751,72.85523538959113,0.27357587888623597
XA_S14_00_MHZ,14.0,1977-01-03 15:53:12.150943,1977-01-03 15:53:42.339622,0.95,XA,14,peaked mode,MHZ,96.61621897582692,85.25637590964871,0.15339661374424166
XA_S14_00_MHZ,11.0,1977-01-04 15:28:11.924528,1977-01-04 15:28:42.113207,0.92,XA,14,peaked mode,MHZ,16.77142565272381,77.53790658982822,0.29725755045566615
XA_S14_00_MHZ,11.0,1977-01-05 15:23:12.150943,1977-01-05 15:23:32.226415,0.93,XA,14,peaked mode,MHZ,33.59185163462391,64.62149731844067,0.23436857171041817
XA_S14_00_MHZ,10.0,1977-01-06 16:12:11.924528,1977-01-06 16:12:42.113207,0.93,XA,14,peaked mode,MHZ,35.555268345216874,61.09085961379453,0.14272382620441706
XA_S14_00_MHZ,10.0,1977-01-07 15:29:11.849057,1977-01-07 15:29:42.037736,0.93,XA,14,peaked mode,MHZ,34.43478550715509,60.60223555895723,0.17832080859759553
XA_S14_00_MHZ,11.0,1977-01-08 13:27:21.358491,1977-01-08 13:27:41.433963,0.94,XA,14,peaked mode,MHZ,151.15944142004645,84.25664418314915,0.7526191876052706
XA_S14_00_MHZ,12.0,1977-01-09 15:28:11.924528,1977-01-09 15:28:42.113207,0.93,XA,14,peaked mode,MHZ,67.04779682048905,72.82970100405002,0.2778432127529184
XA_S14_00_MHZ,14.0,1977-01-10 15:45:02.641509,1977-01-10 15:45:22.716981,0.93,XA,14,peaked mode,MHZ,66.71135633381095,87.08493271786925,0.45074740905581095
XA_S14_00_MHZ,11.0,1977-01-11 15:40:13.132075,1977-01-11 15:40:33.207547,0.93,XA,14,peaked mode,MHZ,56.85635787322265,66.84726432003721,0.34617602496823696
XA_S14_00_MHZ,12.0,1977-01-12 15:59:13.962264,1977-01-12 15:59:44.150943,0.91,XA,14,peaked mode,MHZ,59.840142940601574,82.92623157674888,0.1774882722810091
XA_S14_00_MHZ,10.0,1977-01-14 12:59:10.641509,1977-01-14 12:59:40.830188,0.94,XA,14,peaked mode,MHZ,55.11551466895827,61.93728336023099,0.1533839199838712
XA_S14_00_MHZ,11.0,1977-01-15 15:08:10.867925,1977-01-15 15:08:41.056604,0.9,XA,14,peaked mode,MHZ,18.942471506846644,75.2327833274864,0.6583691385984239
XA_S14_00_MHZ,10.0,1977-01-16 15:16:11.773585,1977-01-16 15:16:31.849057,0.92,XA,14,peaked mode,MHZ,55.1639628346817,62.58755811663829,0.16510771956550174
XA_S14_00_MHZ,10.0,1977-01-17 14:51:22.716981,1977-01-17 14:51:42.792453,0.92,XA,14,peaked mode,MHZ,72.05687116274527,83.26469687194906,0.21991594992094682
XA_S14_00_MHZ,11.0,1977-01-19 16:36:12.377358,1977-01-19 16:36:32.452830,0.91,XA,14,peaked mode,MHZ,59.52372926068088,61.669223761382455,0.1981281998479781
XA_S14_00_MHZ,10.0,1977-01-21 15:14:11.773585,1977-01-21 15:14:31.849057,0.91,XA,14,peaked mode,MHZ,59.32113484670347,62.91681099920845,0.19391610873361018
XA_S14_00_MHZ,10.0,1977-01-24 15:27:12.301887,1977-01-24 15:27:32.377359,0.91,XA,14,peaked mode,MHZ,58.864149855017025,61.54858548059787,0.20644290757117353
XA_S14_00_MHZ,10.0,1977-01-26 15:35:12.301887,1977-01-26 15:35:32.377359,0.9,XA,14,peaked mode,MHZ,60.00951085352057,61.9116921661417,0.19231754251182634
XA_S14_00_MHZ,10.0,1977-01-27 15:39:12.301887,1977-01-27 15:39:32.377359,0.9,XA,14,peaked mode,MHZ,60.50999255653091,62.05579658177214,0.20066694372655572
XA_S14_00_MHZ,10.0,1977-01-28 15:32:12.377358,1977-01-28 15:32:32.452830,0.91,XA,14,peaked mode,MHZ,61.213589558324585,61.82475861174053,0.19884383465102398
XA_S14_00_MHZ,11.0,1977-01-30 15:56:13.735849,1977-01-30 15:56:43.924528,0.94,XA,14,peaked mode,MHZ,34.13010113846041,85.27961939794288,0.6374033834720917
XA_S14_00_MHZ,11.0,1977-01-31 16:02:13.735849,1977-01-31 16:02:43.924528,0.92,XA,14,peaked mode,MHZ,80.9333731254627,80.19011774309911,0.2703710011288661
XA_S14_00_MHZ,10.0,1977-02-01 15:36:13.433962,1977-02-01 15:36:43.622641,0.93,XA,14,peaked mode,MHZ,92.84721430287206,81.98907185528039,0.40173517880517967
XA_S14_00_MHZ,13.0,1977-02-02 07:44:15.849057,1977-02-02 07:44:46.037736,0.92,XA,14,peaked mode,MHZ,44.79598520107369,64.33214371798468,0.28610545958547
XA_S14_00_MHZ,11.0,1977-02-03 15:28:12.528302,1977-02-03 15:28:42.716981,0.93,XA,14,peaked mode,MHZ,52.70077479751581,67.10203386708996,0.334751154051254
XA_S14_00_MHZ,11.0,1977-02-04 18:58:13.283019,1977-02-04 18:58:43.471698,0.94,XA,14,peaked mode,MHZ,37.11738156830038,59.24371227326943,0.20047175341711326
XA_S14_00_MHZ,11.0,1977-02-06 15:02:12.981132,1977-02-06 15:02:33.056604,0.93,XA,14,peaked mode,MHZ,51.045832480131814,64.76235879079013,0.34341847118579244
XA_S14_00_MHZ,10.0,1977-02-07 21:30:14.641509,1977-02-07 21:30:34.716981,0.94,XA,14,peaked mode,MHZ,67.542084364676,72.99586862968248,0.27305125198088476
XA_S14_00_MHZ,11.0,1977-02-08 14:10:12.830189,1977-02-08 14:10:43.018868,0.93,XA,14,peaked mode,MHZ,71.43329696292491,75.71950710536375,0.28794502512047965
XA_S14_00_MHZ,10.0,1977-02-09 17:26:03.622642,1977-02-09 17:26:33.811321,0.93,XA,14,peaked mode,MHZ,77.58241316041813,80.55382800465493,0.3149167765596519
XA_S14_00_MHZ,11.0,1977-02-10 15:05:13.056604,1977-02-10 15:05:43.245283,0.94,XA,14,peaked mode,MHZ,76.56910712430847,79.20384768443544,0.24169586830734013
XA_S14_00_MHZ,11.0,1977-02-13 04:22:18.867925,1977-02-13 04:22:49.056604,0.94,XA,14,peaked mode,MHZ,55.11889703475077,62.72846819059041,0.15423993376873096
XA_S14_00_MHZ,11.0,1977-02-13 18:18:40.000000,1977-02-13 18:19:00.075472,0.92,XA,14,peaked mode,MHZ,57.179380470070484,61.85698951409645,0.16080838215986287
XA_S14_00_MHZ,11.0,1977-02-14 15:27:11.698113,1977-02-14 15:27:31.773585,0.92,XA,14,peaked mode,MHZ,56.8676812980081,62.79972086734937,0.14952105655100006
XA_S14_00_MHZ,10.0,1977-02-16 15:15:11.698113,1977-02-16 15:15:31.773585,0.92,XA,14,peaked mode,MHZ,56.81327700740367,61.794575579044455,0.1759771195808479
XA_S14_00_MHZ,10.0,1977-02-18 14:59:13.811321,1977-02-18 14:59:34.037736,0.92,XA,14,peaked mode,MHZ,57.53697174122928,62.62532674109585,0.19219690039912626
XA_S14_00_MHZ,10.0,1977-02-21 15:21:13.962264,1977-02-21 15:21:34.188679,0.91,XA,14,peaked mode,MHZ,58.385108070174326,63.34155441234663,0.2062843854716907
XA_S14_00_MHZ,9.0,1977-02-23 15:26:14.188679,1977-02-23 15:26:34.415094,0.92,XA,14,peaked mode,MHZ,57.83840779193554,63.006564975008615,0.18127110789477488
XA_S14_00_MHZ,10.0,1977-02-25 01:57:16.679245,1977-02-25 01:57:36.905660,0.92,XA,14,peaked mode,MHZ,58.0487834936467,62.20585754920821,0.20525127612135724
XA_S14_00_MHZ,10.0,1977-02-25 17:40:11.924528,1977-02-25 17:40:42.113207,0.91,XA,14,peaked mode,MHZ,59.72700036551602,64.66056285660349,0.23681042440447525
XA_S14_00_MHZ,9.0,1977-02-26 15:21:14.264151,1977-02-26 15:21:34.490566,0.93,XA,14,peaked mode,MHZ,59.379484457776734,62.80877819069924,0.2142909818431003
XA_S14_00_MHZ,10.0,1977-02-27 15:52:12.226415,1977-02-27 15:52:32.301887,0.91,XA,14,peaked mode,MHZ,71.43272664794335,83.4609901470767,0.33746881301351256
XA_S14_00_MHZ,10.0,1977-02-28 05:01:11.245283,1977-02-28 05:01:41.433962,0.93,XA,14,peaked mode,MHZ,50.24825777053307,65.89192147316588,0.2572041938026184
XA_S14_00_MHZ,10.0,1977-02-28 21:06:30.339623,1977-02-28 21:07:00.528302,0.94,XA,14,peaked mode,MHZ,73.96009059123229,80.78595489537037,0.26161244559118363
XA_S14_00_MHZ,32.0,1977-03-01 05:19:49.283019,1977-03-01 05:20:19.471698,0.9,XA,14,peaked mode,MHZ,92.69049813610972,43.85130021408368,0.8554224138315089
XA_S14_00_MHZ,11.0,1977-03-01 15:02:12.528302,1977-03-01 15:02:42.716981,0.93,XA,14,peaked mode,MHZ,74.66370055617784,78.29978825841484,0.25098233485716154
XA_S14_00_MHZ,11.0,1977-03-02 15:23:25.283019,1977-03-02 15:23:45.358491,0.93,XA,14,peaked mode,MHZ,74.04231963151372,78.70233066944584,0.2070315561418272
XA_S14_00_MHZ,11.0,1977-03-03 19:14:14.037736,1977-03-03 19:14:44.226415,0.94,XA,14,peaked mode,MHZ,66.86994967735271,71.96599628344194,0.29595020052115706
XA_S14_00_MHZ,11.0,1977-03-04 15:23:13.660377,1977-03-04 15:23:43.849056,0.92,XA,14,peaked mode,MHZ,63.432014704527944,69.31549335177831,0.40210372614842677
XA_S14_00_MHZ,11.0,1977-03-05 19:05:13.509434,1977-03-05 19:05:43.698113,0.94,XA,14,peaked mode,MHZ,53.05303511568878,66.56431131581387,0.35517659802542234
XA_S14_00_MHZ,11.0,1977-03-07 16:55:13.207547,1977-03-07 16:55:43.396226,0.93,XA,14,peaked mode,MHZ,37.74375452825263,59.22643378228998,0.2098970495050084
XA_S14_00_MHZ,11.0,1977-03-08 15:31:12.603774,1977-03-08 15:31:42.792453,0.92,XA,14,peaked mode,MHZ,59.19300080459786,69.04891517979424,0.3302801656553462
XA_S14_00_MHZ,11.0,1977-03-09 18:36:14.037736,1977-03-09 18:36:34.113208,0.94,XA,14,peaked mode,MHZ,72.22035781609846,75.42677871916536,0.22832063474376674
XA_S14_00_MHZ,11.0,1977-03-10 20:22:25.207547,1977-03-10 20:22:55.396226,0.94,XA,14,peaked mode,MHZ,78.4282946967815,80.21286344810869,0.19411159097352756
XA_S14_00_MHZ,10.0,1977-03-11 15:41:03.094340,1977-03-11 15:41:33.283019,0.94,XA,14,peaked mode,MHZ,47.546382959390094,68.71235945129645,0.2647694795933479
XA_S14_00_MHZ,10.0,1977-03-12 14:59:13.207547,1977-03-12 14:59:43.396226,0.94,XA,14,peaked mode,MHZ,60.58847438346859,68.93129676484524,0.32432953765882117
XA_S14_00_MHZ,10.0,1977-03-13 16:29:13.660377,1977-03-13 16:29:43.849056,0.93,XA,14,peaked mode,MHZ,57.69238863809457,81.29403446515933,0.6712350020872739
XA_S14_00_MHZ,11.0,1977-03-14 22:37:12.452830,1977-03-14 22:37:42.641509,0.93,XA,14,peaked mode,MHZ,55.06076971970335,61.06441962725537,0.15241887928868877
XA_S14_00_MHZ,10.0,1977-03-15 15:06:13.433962,1977-03-15 15:06:33.660377,0.92,XA,14,peaked mode,MHZ,48.23833748723185,65.55865047741996,0.19083464004540554
XA_S14_00_MHZ,517.0,1977-03-16 11:14:49.358491,1977-03-16 11:15:19.547170,0.91,XA,14,peaked mode,MHZ,90.0,0.0896104045196311,0.00387130458964222
XA_S14_00_MHZ,10.0,1977-03-16 15:19:13.811321,1977-03-16 15:19:34.037736,0.92,XA,14,peaked mode,MHZ,56.09102931421167,63.31022623550216,0.18818150066117087
XA_S14_00_MHZ,9.0,1977-03-18 16:10:06.188679,1977-03-18 16:10:36.377358,0.91,XA,14,peaked mode,MHZ,56.61870244785214,64.26893758767109,0.18055306078367278
XA_S14_00_MHZ,9.0,1977-03-21 14:52:11.471698,1977-03-21 14:52:41.660377,0.92,XA,14,peaked mode,MHZ,57.32903652782492,63.93935314625246,0.19172017635369903
XA_S14_00_MHZ,10.0,1977-03-25 15:11:31.924528,1977-03-25 15:11:52.000000,0.93,XA,14,peaked mode,MHZ,55.17190642711442,62.45132870721771,0.1666472548114679
XA_S14_00_MHZ,10.0,1977-03-26 15:23:20.150943,1977-03-26 15:23:40.226415,0.93,XA,14,peaked mode,MHZ,53.69619870260017,62.9984863638312,0.1663043564820159
XA_S14_00_MHZ,10.0,1977-03-27 15:57:07.622642,1977-03-27 15:57:27.698114,0.93,XA,14,peaked mode,MHZ,53.975495577280775,63.33245618311284,0.15584902305996
XA_S14_00_MHZ,11.0,1977-03-28 15:38:15.849057,1977-03-28 15:38:35.924529,0.91,XA,14,peaked mode,MHZ,56.154495052803625,63.34423715936696,0.16314351990454296
XA_S14_00_MHZ,11.0,1977-03-29 10:13:11.396226,1977-03-29 10:13:31.471698,0.9,XA,14,peaked mode,MHZ,45.71308020764445,86.77547534415535,0.31341182402240575
XA_S14_00_MHZ,4.0,1977-03-30 11:09:53.207547,1977-03-30 11:10:13.433962,0.9,XA,14,peaked mode,MHZ,157.05066873013658,88.36511989021153,0.7526144094040287
XA_S14_00_MHZ,11.0,1977-03-30 15:03:17.886792,1977-03-30 15:03:37.962264,0.91,XA,14,peaked mode,MHZ,69.83810065046966,85.55142212605598,0.2729913278413803
XA_S14_00_MHZ,11.0,1977-03-31 15:46:13.132075,1977-03-31 15:46:43.320754,0.93,XA,14,peaked mode,MHZ,75.39786132490428,78.17099033438974,0.3072664756765742
XA_S14_00_MHZ,11.0,1977-04-01 14:17:12.754717,1977-04-01 14:17:42.943396,0.93,XA,14,peaked mode,MHZ,75.22313867682779,78.18375467023438,0.21352761815090954
XA_S14_00_MHZ,11.0,1977-04-02 15:40:13.283019,1977-04-02 15:40:43.471698,0.93,XA,14,peaked mode,MHZ,67.94915577725374,71.47491153767285,0.2895266643744251
XA_S14_00_MHZ,9.0,1977-04-03 14:37:14.716981,1977-04-03 14:37:34.943396,0.95,XA,14,peaked mode,MHZ,64.86196446478642,70.09848112729628,0.32654493263153295
XA_S14_00_MHZ,25.0,1977-04-03 15:35:32.679245,1977-04-03 15:36:02.867924,0.9,XA,14,peaked mode,MHZ,78.41657379861236,51.54911200460762,0.465394467994174
XA_S14_00_MHZ,11.0,1977-04-04 14:53:12.603774,1977-04-04 14:53:42.792453,0.93,XA,14,peaked mode,MHZ,65.51150568655034,72.85887791948912,0.2880814878746553
XA_S14_00_MHZ,10.0,1977-04-06 15:05:12.452830,1977-04-06 15:05:42.641509,0.93,XA,14,peaked mode,MHZ,58.8899502780253,68.22354558412032,0.37468830079479937
XA_S14_00_MHZ,11.0,1977-04-07 14:48:12.075472,1977-04-07 14:48:42.264151,0.93,XA,14,peaked mode,MHZ,72.8074619272212,75.34295314068441,0.25078323234073063
XA_S14_00_MHZ,11.0,1977-04-08 14:30:12.528302,1977-04-08 14:30:42.716981,0.94,XA,14,peaked mode,MHZ,74.36593150071279,77.06448678589105,0.20951512389023133
XA_S14_00_MHZ,11.0,1977-04-09 04:19:14.867925,1977-04-09 04:19:45.056604,0.93,XA,14,peaked mode,MHZ,79.10409545035904,80.08590190316615,0.21909028497893548
XA_S14_00_MHZ,11.0,1977-04-09 15:16:12.830189,1977-04-09 15:16:43.018868,0.92,XA,14,peaked mode,MHZ,58.23296338154359,83.93135548896356,0.48077827154119923
XA_S14_00_MHZ,11.0,1977-04-10 20:06:04.679245,1977-04-10 20:06:34.867924,0.93,XA,14,peaked mode,MHZ,72.5088352209526,76.59800558597453,0.27096063354086614
XA_S14_00_MHZ,11.0,1977-04-11 15:10:09.207547,1977-04-11 15:10:39.396226,0.92,XA,14,peaked mode,MHZ,86.92794330820705,82.68648512744676,0.2543456315347758
XA_S14_00_MHZ,10.0,1977-04-13 03:51:59.698113,1977-04-13 03:52:29.886792,0.94,XA,14,peaked mode,MHZ,55.97434457710272,63.1488854133217,0.17835102810312042
XA_S14_00_MHZ,11.0,1977-04-13 17:20:11.924528,1977-04-13 17:20:32.000000,0.92,XA,14,peaked mode,MHZ,55.862535950025766,61.05709146753231,0.14648872663597615
XA_S14_00_MHZ,11.0,1977-04-14 16:00:11.773585,1977-04-14 16:00:31.849057,0.92,XA,14,peaked mode,MHZ,54.69436706778869,63.48840628776644,0.16290159813193222
XA_S14_00_MHZ,11.0,1977-04-15 16:05:15.773585,1977-04-15 16:05:35.849057,0.92,XA,14,peaked mode,MHZ,117.03932352557462,79.36418276096775,0.6772412675750614
XA_S14_00_MHZ,11.0,1977-04-18 14:50:11.622642,1977-04-18 14:50:31.698114,0.93,XA,14,peaked mode,MHZ,55.57460995717047,63.33185038923564,0.16674805226127787
XA_S14_00_MHZ,10.0,1977-04-20 16:07:12.150943,1977-04-20 16:07:32.226415,0.92,XA,14,peaked mode,MHZ,54.51112164437413,63.498034704305724,0.15638578961120894
XA_S14_00_MHZ,10.0,1977-04-22 14:57:16.830189,1977-04-22 14:57:36.905661,0.92,XA,14,peaked mode,MHZ,54.92065595141279,62.4356736748113,0.15234044601371108
XA_S14_00_MHZ,10.0,1977-04-25 00:25:09.584906,1977-04-25 00:25:29.660378,0.93,XA,14,peaked mode,MHZ,55.518808662399316,62.132689011932904,0.16656318507979098
XA_S14_00_MHZ,10.0,1977-04-25 14:02:11.773585,1977-04-25 14:02:31.849057,0.92,XA,14,peaked mode,MHZ,55.08899139586291,62.76634938548851,0.17173314453005747
XA_S14_00_MHZ,10.0,1977-04-26 08:46:00.754717,1977-04-26 08:46:20.830189,0.93,XA,14,peaked mode,MHZ,55.138760790347085,62.05924205035464,0.16880811151886407
XA_S14_00_MHZ,10.0,1977-04-27 14:14:34.264151,1977-04-27 14:14:54.339623,0.9,XA,14,peaked mode,MHZ,57.17586647201185,63.97019102740326,0.20018018826358158
XA_S14_00_MHZ,9.0,1977-04-28 06:20:28.075472,1977-04-28 06:20:58.264151,0.93,XA,14,peaked mode,MHZ,64.84128490565934,76.24897889040965,0.3452341715921784
XA_S14_00_MHZ,11.0,1977-04-29 14:17:30.566038,1977-04-29 14:17:50.641510,0.94,XA,14,peaked mode,MHZ,50.32900823703906,63.3298308609771,0.23662975269895836
XA_S14_00_MHZ,11.0,1977-05-01 14:03:11.849057,1977-05-01 14:03:31.924529,0.92,XA,14,peaked mode,MHZ,74.10639866101843,75.0332255257464,0.23927626645129937
XA_S14_00_MHZ,11.0,1977-05-03 14:09:11.698113,1977-05-03 14:09:41.886792,0.92,XA,14,peaked mode,MHZ,59.22453780179756,67.21023631109959,0.34559730680881734
XA_S14_00_MHZ,11.0,1977-05-04 14:02:13.132075,1977-05-04 14:02:43.320754,0.93,XA,14,peaked mode,MHZ,61.46112829019072,69.26564925838831,0.34341715032539116
XA_S14_00_MHZ,11.0,1977-05-05 14:08:12.226415,1977-05-05 14:08:42.415094,0.94,XA,14,peaked mode,MHZ,62.58321317971524,68.02591611592251,0.3221039240071016
XA_S14_00_MHZ,10.0,1977-05-06 14:17:12.301887,1977-05-06 14:17:42.490566,0.95,XA,14,peaked mode,MHZ,68.25317326164227,72.85397862662994,0.3003137800895513
XA_S14_00_MHZ,10.0,1977-05-07 14:02:10.566038,1977-05-07 14:02:40.754717,0.94,XA,14,peaked mode,MHZ,75.06667014423684,77.39519146473522,0.20984434628518994
XA_S14_00_MHZ,10.0,1977-05-08 02:50:07.698113,1977-05-08 02:50:37.886792,0.95,XA,14,peaked mode,MHZ,78.04527818465269,78.89429681874714,0.2062551067694141
XA_S14_00_MHZ,10.0,1977-05-08 14:10:16.905660,1977-05-08 14:10:47.094339,0.94,XA,14,peaked mode,MHZ,75.95934352730886,79.00712277705979,0.19246970122541934
XA_S14_00_MHZ,11.0,1977-05-09 02:56:10.264151,1977-05-09 02:56:30.339623,0.92,XA,14,peaked mode,MHZ,76.33177596334116,86.00787377705832,0.10665406463893809
XA_S14_00_MHZ,11.0,1977-05-09 15:04:12.830189,1977-05-09 15:04:43.018868,0.93,XA,14,peaked mode,MHZ,77.69483929872536,80.985480650188,0.2033009021123014
XA_S14_00_MHZ,10.0,1977-05-10 13:55:12.905660,1977-05-10 13:55:43.094339,0.94,XA,14,peaked mode,MHZ,75.24245977243731,78.8804783403975,0.23373208711102147
XA_S14_00_MHZ,10.0,1977-05-11 15:08:15.547170,1977-05-11 15:08:35.773585,0.92,XA,14,peaked mode,MHZ,72.52720140011184,82.60837570096683,0.32248841180654975
XA_S14_00_MHZ,9.0,1977-05-12 19:32:16.905660,1977-05-12 19:32:47.094339,0.93,XA,14,peaked mode,MHZ,62.676374461070836,62.83392572878803,0.31509330787579637
XA_S14_00_MHZ,11.0,1977-05-13 14:05:11.396226,1977-05-13 14:05:31.471698,0.92,XA,14,peaked mode,MHZ,55.43703233852347,61.6429484072107,0.17452342440378454
XA_S14_00_MHZ,11.0,1977-05-14 14:37:11.698113,1977-05-14 14:37:31.773585,0.91,XA,14,peaked mode,MHZ,56.66504853799745,60.73287162369173,0.1890730584760892
XA_S14_00_MHZ,11.0,1977-05-16 13:59:13.207547,1977-05-16 13:59:33.283019,0.92,XA,14,peaked mode,MHZ,54.912486411769265,62.07958694655083,0.18276909441583547
XA_S14_00_MHZ,10.0,1977-05-18 14:04:11.471698,1977-05-18 14:04:31.547170,0.93,XA,14,peaked mode,MHZ,54.5745067233257,64.09202747574038,0.1745068758787648
XA_S14_00_MHZ,10.0,1977-05-20 17:50:20.226415,1977-05-20 17:50:40.301887,0.92,XA,14,peaked mode,MHZ,55.72656181101418,63.61794923963067,0.16135093392497182
XA_S14_00_MHZ,10.0,1977-05-23 14:37:09.283019,1977-05-23 14:37:29.358491,0.92,XA,14,peaked mode,MHZ,54.4713890381535,62.705008762214334,0.18307873460123655
XA_S14_00_MHZ,10.0,1977-05-24 13:44:01.358491,1977-05-24 13:44:21.433963,0.93,XA,14,peaked mode,MHZ,54.32941985276353,62.826457798000035,0.15164727565553007
XA_S14_00_MHZ,10.0,1977-05-25 14:34:09.962264,1977-05-25 14:34:30.037736,0.92,XA,14,peaked mode,MHZ,57.15395705602303,63.918538975320885,0.17819411725640125
XA_S14_00_MHZ,10.0,1977-05-26 14:27:11.698113,1977-05-26 14:27:31.773585,0.93,XA,14,peaked mode,MHZ,54.51963633050574,62.115613401834,0.16046544419032255
XA_S14_00_MHZ,9.0,1977-05-27 19:07:15.773585,1977-05-27 19:07:36.000000,0.94,XA,14,peaked mode,MHZ,63.50514825493983,73.70925221804491,0.3370704244783152
XA_S14_00_MHZ,10.0,1977-05-28 10:58:11.924528,1977-05-28 10:58:42.113207,0.93,XA,14,peaked mode,MHZ,76.46185932693376,82.5044621404464,0.2706695552969307
XA_S14_00_MHZ,5.0,1977-05-29 05:24:57.358491,1977-05-29 05:25:17.584906,0.91,XA,14,peaked mode,MHZ,90.24268923702348,88.26198273269652,0.06877245984319197
XA_S14_00_MHZ,11.0,1977-05-29 14:22:13.584906,1977-05-29 14:22:43.773585,0.94,XA,14,peaked mode,MHZ,75.41985295636435,79.80570965645416,0.3019517845336887
XA_S14_00_MHZ,10.0,1977-05-30 14:15:12.754717,1977-05-30 14:15:42.943396,0.93,XA,14,peaked mode,MHZ,78.60023380605615,80.74500886739207,0.2163877869047318
XA_S14_00_MHZ,10.0,1977-06-01 15:31:12.905660,1977-06-01 15:31:43.094339,0.94,XA,14,peaked mode,MHZ,65.86368101485232,73.31441418920203,0.2716653957135246
XA_S14_00_MHZ,11.0,1977-06-02 14:14:12.830189,1977-06-02 14:14:43.018868,0.93,XA,14,peaked mode,MHZ,60.11936069409665,69.05145474201308,0.32088019075114926
XA_S14_00_MHZ,11.0,1977-06-03 14:08:12.226415,1977-06-03 14:08:42.415094,0.93,XA,14,peaked mode,MHZ,66.55177318261053,70.98561180726395,0.31535110792887605
XA_S14_00_MHZ,11.0,1977-06-05 14:03:12.452830,1977-06-05 14:03:42.641509,0.93,XA,14,peaked mode,MHZ,71.31331882640265,74.7460475522129,0.2763392290680712
XA_S14_00_MHZ,11.0,1977-06-06 03:11:10.188679,1977-06-06 03:11:40.377358,0.93,XA,14,peaked mode,MHZ,74.16482494505152,76.51871942144747,0.2372970134466736
XA_S14_00_MHZ,11.0,1977-06-06 13:59:12.754717,1977-06-06 13:59:42.943396,0.93,XA,14,peaked mode,MHZ,74.89997025712509,78.2167952677702,0.22426425349244056
XA_S14_00_MHZ,11.0,1977-06-07 03:36:10.113208,1977-06-07 03:36:40.301887,0.93,XA,14,peaked mode,MHZ,80.01760410121054,74.95096811539416,0.5173499516097003
XA_S14_00_MHZ,11.0,1977-06-07 14:04:13.283019,1977-06-07 14:04:33.358491,0.94,XA,14,peaked mode,MHZ,75.07572947103988,78.65865267887914,0.20543764797529454
XA_S14_00_MHZ,11.0,1977-06-08 14:06:12.981132,1977-06-08 14:06:43.169811,0.94,XA,14,peaked mode,MHZ,62.969774094694,77.5240059253106,0.27032825063357196
XA_S14_00_MHZ,10.0,1977-06-09 14:17:10.339623,1977-06-09 14:17:40.528302,0.94,XA,14,peaked mode,MHZ,77.48385353605187,74.43436397870474,0.45579688675608815
XA_S14_00_MHZ,11.0,1977-06-11 08:33:10.490566,1977-06-11 08:33:40.679245,0.93,XA,14,peaked mode,MHZ,56.526652049462584,62.77885477656302,0.19912820524028924
XA_S14_00_MHZ,11.0,1977-06-11 20:11:11.849057,1977-06-11 20:11:31.924529,0.91,XA,14,peaked mode,MHZ,54.40886751872947,63.020815574808736,0.1278653080038255
XA_S14_00_MHZ,10.0,1977-06-12 14:32:11.924528,1977-06-12 14:32:32.000000,0.9,XA,14,peaked mode,MHZ,55.60165938062689,61.30251432404842,0.13676383631685068
XA_S14_00_MHZ,10.0,1977-06-13 14:14:12.075472,1977-06-13 14:14:32.150944,0.93,XA,14,peaked mode,MHZ,55.715268101584385,62.612579843477064,0.16202218699545048
XA_S14_00_MHZ,11.0,1977-06-15 14:08:12.226415,1977-06-15 14:08:32.301887,0.91,XA,14,peaked mode,MHZ,55.27731302034867,63.43551038601355,0.1587606566214226
XA_S14_00_MHZ,3.0,1977-07-20 11:45:40.377358,1977-07-20 11:46:10.566037,0.91,XA,14,peaked mode,MHZ,100.50045856914964,69.16233516411137,0.8349290941114559
XA_S14_00_MHZ,2.0,1977-09-15 21:35:17.735849,1977-09-15 21:35:47.924528,0.92,XA,14,peaked mode,MHZ,90.0,9.697055790075424,0.3264549208136572
